exam_id,시험,시행연도,월,구분,문항번호,선지,밑줄,정답여부,고친형태,개념,세부포인트,설명,원문발췌,신뢰도
2016-3월학평,2016년 3월 학평,2016,3,교육청,28,(A),that / what,O,that,what과 that의 구분,found의 목적어절을 이끄는 that(뒤에 완전한 절) vs what(뒤에 불완전한 절),"found 뒤의 절 people ... got full sooner, ate fewer calories, and lost more weight는 주어와 동사가 다 갖춰진 완전한 절이다. 따라서 명사절 접속사 that이 맞고, 선행사를 포함하며 뒤에 불완전한 절이 와야 하는 what은 쓸 수 없다.","Recently, a study found (A) that/what people who drank two glasses of water before meals got full sooner, ate fewer calories, and lost more weight.",medium
2016-3월학평,2016년 3월 학평,2016,3,교육청,28,(B),is / are,O,is,주어와 동사의 수일치,전치사구(between grapes and raisins)의 수식을 받는 단수 주어 the only difference와 동사의 수 일치,주어의 핵은 the only difference(단수)이고 between grapes and raisins는 이를 꾸미는 전치사구다. 따라서 단수 동사 is가 맞다. 바로 앞의 복수명사 raisins에 맞춰 are를 고르면 안 된다.,the only difference between grapes and raisins (B) is/are that grapes have about 6 times as much water in them.,medium
2016-3월학평,2016년 3월 학평,2016,3,교육청,28,(C),are / do,O,do,대동사,as 뒤 도치 구문에서 앞의 일반동사 have를 받는 대동사 do(복수 주어 broth-based soups),"as 뒤에서 주어 broth-based soups와 동사가 도치된 구문으로, 앞 절의 일반동사 have (a very high water content)를 대신하는 대동사가 와야 한다. 일반동사를 대신하므로 be동사 are가 아니라 do가 맞고, 주어가 복수이므로 do가 된다.","Salad vegetables like lettuce, cucumbers, and tomatoes also have a very high water content, as (C) are/do broth-based soups.",medium
2016-4월학평,2016년 4월 학평,2016,4,교육청,28,①,possible,,,형용사와 부사,최상급 명사구(the most rational way)를 뒤에서 꾸미는 형용사 possible,the 최상급 + 명사 + possible은 '가능한 한 가장 ~한'이라는 뜻의 관용 구조다. 명사 way를 꾸미므로 부사가 아니라 형용사 possible을 쓰는 것이 맞다.,We all want to believe that our brains sort through information in the most rational way possible.,high
2016-4월학평,2016년 4월 학평,2016,4,교육청,28,②,exist,,,주어와 동사의 수일치,"주어 핵심어 weaknesses(복수), 전치사구 in reasoning 삽입 → 복수동사 exist",주어의 핵심어가 복수명사 weaknesses이므로 복수동사 exist가 맞다. exist는 자동사라 수동태로 쓸 수도 없다.,Common weaknesses in reasoning exist across people of all ages and educational backgrounds.,high
2016-4월학평,2016년 4월 학평,2016,4,교육청,28,③,ignoring,,,분사구문,"접속사 while을 남긴 분사구문, 의미상 주어 People이 무시하는 능동 관계 → 현재분사","while 뒤의 주어와 be동사가 생략된 분사구문이다. 주절의 주어 People이 증거를 능동적으로 무시하므로 현재분사 ignoring이 맞고, 뒤에 목적어 evidence가 있다.","People pay attention to information that supports their viewpoints, while ignoring evidence to the contrary.",high
2016-4월학평,2016년 4월 학평,2016,4,교육청,28,④,about which,,,관계부사와 전치사+관계대명사,전치사+관계대명사 뒤 완전한 절 (have strong opinions about issues),선행사 issues에 대해 'have strong opinions about issues'가 성립한다. 따라서 전치사+관계대명사 about which를 쓰고 뒤에 완전한 절이 오는 것이 맞다.,"Confirmation bias is not the same as being stubborn, and is not constrained to issues about which people have strong opinions.",high
2016-4월학평,2016년 4월 학평,2016,4,교육청,28,⑤,to study,O,study,동사 자리와 준동사 자리,but 뒤 절의 주어 professionals(관계절 who work ... viewpoints가 수식)에 정동사가 없음 → study,"but 뒤 절의 주어 professionals를 관계절 who work to convince us of certain viewpoints가 꾸밀 뿐, 이 절에는 정동사가 없다. 그래서 to study를 복수 주어에 맞춘 정동사 study로 고쳐야 한다.",professionals who work to convince us of certain viewpoints to study the research on human decision making to determine how to exploit our weaknesses,high
2017-6월모평,2017학년도 6월 모평,2016,6,평가원,28,①,are,,,주어와 동사의 수일치,유도부사 there + be + 주어: 진주어 biological clues(복수) → 복수동사 are,there 구문에서 동사의 수는 뒤에 오는 주어 biological clues(복수)에 맞추므로 are가 맞다. 'be likely to-v' 구조도 그대로 유지된다.,"If an animal is innately programmed for some type of behaviour, then there are likely to be biological clues.",high
2017-6월모평,2017학년도 6월 모평,2016,6,평가원,28,②,smooth,,,형용사와 부사,관계절 동사 are의 주격보어 자리: streamlined와 and로 병렬된 형용사 smooth (부사 smoothly 불가),관계절 which are의 보어로 streamlined와 and로 나란히 이어진 자리이므로 형용사 smooth가 맞다. 부사 smoothly는 보어가 될 수 없다.,"It is no accident that fish have bodies which are streamlined and smooth, with fins and a powerful tail.",high
2017-6월모평,2017학년도 6월 모평,2016,6,평가원,28,③,its,,,대명사의 수와 격,소유격 대명사의 지칭 대상 a dead bird or mosquito(or로 연결된 단수) → 단수 소유격 its,가리키는 대상은 or로 연결된 단수 명사 a dead bird or mosquito이므로 단수 소유격 its가 맞다. 뒤에 오는 its normal mode of transport와도 호응한다.,"if you found a dead bird or mosquito, you could guess by looking at its wings that flying was its normal mode of transport.",high
2017-6월모평,2017학년도 6월 모평,2016,6,평가원,28,④,finding,O,found,능동태와 수동태,관계절 주어 they(= biological clues)는 '발견되는' 대상 → 수동태 are found (are finding 불가),they는 biological clues를 가리키며 단서는 스스로 찾는 주체가 아니라 '발견되는' 대상이므로 수동태 are found가 되어야 한다. 또 find는 타동사인데 뒤에 목적어가 없다는 점도 수동태여야 하는 근거다.,Biological clues are not essential. The extent to which they are finding varies from animal to animal and from activity to activity.,high
2017-6월모평,2017학년도 6월 모평,2016,6,평가원,28,⑤,what,,,what과 that의 구분,선행사 없이 전치사 to의 목적어가 되는 명사절 + 뒤 절에 주어가 빠짐 → 관계대명사 what,"전치사 to 뒤에 선행사가 없고, 이어지는 절(might be expected …)에 주어가 빠져 있으므로 '~하는 것'을 뜻하는 관계대명사 what이 맞다. that이나 which는 이 자리에 쓸 수 없다.",animals behave in a way quite contrary to what might be expected from their physical form,high
2016-7월학평,2016년 7월 학평,2016,7,교육청,28,①,is,,,주어와 동사의 수일치,관계절(that humans can sense)의 수식을 받는 주어 핵심어 sound(단수·불가산) → 단수동사 is (+ 소리가 '운반되는' 것이므로 수동태 is carried),부사절의 주어는 관계절의 수식을 받는 sound로 단수이므로 단수동사 is가 맞다(관계절 속 복수명사 humans에 끌리지 않는다). 소리는 매질을 통해 '운반되는' 대상이므로 be carried 수동태도 적절하다.,"Although sound that humans can sense is usually carried through these media, vibrations can also travel through soil, including rocks.",high
2016-7월학평,2016년 7월 학평,2016,7,교육청,28,②,how,,,"명사절 접속사 that, whether, if",전치사 on의 목적어가 되는 명사절을 이끄는 how + 완전한 절(the sound can be used) — 불완전한 절을 이끄는 what과 구별,"how는 전치사 on의 목적어 역할을 하는 명사절을 이끌고, 뒤에 수동태로 된 완전한 절(the sound can be used)이 이어지므로 적절하다. 뒤 절이 불완전했다면 what이 와야 한다.",the physical characteristics of the medium through which the sound travels have a major influence on how the sound can be used.,high
2016-7월학평,2016년 7월 학평,2016,7,교육청,28,③,depending,O,depends,동사 자리와 준동사 자리,주어 the use (of vibrations in communication) 뒤에 정동사가 없음 → 분사 depending을 단수 정동사 depends로,문장의 주어 the use of vibrations in communication에 이어지는 정동사가 없으므로 분사 depending은 쓸 수 없다. 주어 핵심어 the use가 단수이므로 단수 정동사 depends로 고쳐야 한다.,"Thus, the use of vibrations in communication depending on the ability of the sender to make a substance vibrate.",high
2016-7월학평,2016년 7월 학평,2016,7,교육청,28,④,to use,,,to부정사,be likely to-v 구문(비교 than small animals가 삽입) → to use,"'~할 가능성이 있다'는 be likely to-v 구문이며, more likely와 to use 사이에 비교 대상 than small animals가 끼어든 형태이므로 to부정사 to use가 적절하다.",large animals such as elephants are more likely than small animals to use vibrations in the soil for communication.,high
2016-7월학평,2016년 7월 학평,2016,7,교육청,28,⑤,at which,,,관계부사와 전치사+관계대명사,선행사 the speed + 전치사+관계대명사 at which + 완전한 절(sound travels) (travel at a speed),선행사 the speed를 수식하는 관계절에서 sound travels가 1형식의 완전한 절이고 'travel at a speed'의 전치사 at이 관계대명사 앞으로 온 형태이므로 at which가 적절하다.,"In addition, the speed at which sound travels depends on the density of the medium which it is traveling through.",high
2017-9월모평,2017학년도 9월 모평,2016,9,평가원,28,(A),unhurried / unhurriedly,O,unhurried,형용사와 부사,"be동사 is의 주격보어 자리이고, 형용사 leisurely(명사 leisure+-ly)와 and로 병렬되므로 형용사 unhurried를 쓴다",leisurely는 -ly로 끝나지만 형용사이고 is의 보어로 쓰였다. and로 병렬된 자리도 같은 보어이므로 부사 unhurriedly가 아니라 형용사 unhurried가 맞다.,"The pace of the game is therefore leisurely and (A) unhurried / unhurriedly, like the world before the discipline of measured time",high
2017-9월모평,2017학년도 9월 모평,2016,9,평가원,28,(B),which / in which,O,in which,관계부사와 전치사+관계대명사,선행사 world 뒤의 관계절(people did not say + 인용문 목적어)이 완전한 절이므로 관계대명사 which가 아니라 전치사+관계대명사 in which(=where)를 쓴다,"관계절에 주어 people, 동사 say, 목적어(인용문)가 모두 있어 빠진 성분이 없다. 그래서 불완전한 절을 이끄는 which는 쓸 수 없고, '그런 세계에서'라는 뜻의 in which가 맞다.","Baseball belongs to the kind of world (B) which / in which people did not say, “I haven’t got all day.”",high
2017-9월모평,2017학년도 9월 모평,2016,9,평가원,28,(C),ending / ended,O,ended,동사 자리와 준동사 자리,"meant의 목적어인 that절의 주어 baseball games에 정동사가 없으므로, 삽입구 like the traditional work day 뒤에 정동사 ended(과거)가 와야 한다","that절 안에 주어 baseball games만 있고 동사가 없다. 분사 ending을 쓰면 절이 성립하지 않으므로 과거시제 정동사 ended가 맞다(앞의 were not played, meant와 시제도 일치).","which meant that baseball games, like the traditional work day, (C) ending / ended when the sun set.",high
2016-10월학평,2016년 10월 학평,2016,10,교육청,28,(A),what / whatever,O,whatever,what과 that의 구분,what(명사절) vs whatever(양보 부사절 = no matter what): 뒤에 주어 it을 갖춘 절 'it never seems good enough'가 따로 있음,"because절 안에 이미 주어 it과 동사 seems를 갖춘 절이 있으므로, 앞부분은 주어 역할을 하는 명사절 what이 아니라 '무엇을 하든'이라는 양보 부사절이어야 합니다. 따라서 whatever가 맞습니다.",Sometimes perfectionists find that they are troubled because (A) what/whatever they do it never seems good enough.,medium
2016-10월학평,2016년 10월 학평,2016,10,교육청,28,(B),meet / be met,O,meet,능동태와 수동태,목적격 관계대명사가 생략된 관계절(the standard (that) you may be struggling to meet ___)의 목적어 공백 → 능동 to meet,"선행사 the standard가 관계절 안에서 meet의 목적어이고, 행위자는 you(당신이 기준을 충족하려 애씀)입니다. 따라서 능동형 meet가 맞고, be met를 쓰면 'you가 충족되려고 애쓴다'는 뜻이 되어 목적어 자리도 비지 않습니다.",it suggests that the standard you may be struggling to (B) meet/be met may not actually be your own.,medium
2016-10월학평,2016년 10월 학평,2016,10,교육청,28,(C),Live / Living,O,Living,동사 자리와 준동사 자리,문장의 정동사 is가 따로 있으므로 문두는 주어 자리 → 동명사 Living (명령문 동사원형 Live 불가),"이 문장의 정동사는 is이고, 'Living your life in pursuit of someone else’s expectations'가 주어입니다. 따라서 동명사 Living이 맞습니다. Live로 쓰면 명령문 동사와 is가 접속사 없이 한 문장에 겹칩니다.",(C) Live/Living your life in pursuit of someone else’s expectations is a difficult way to live.,medium
2017-수능,2017학년도 수능,2016,11,수능,28,①,those,,,지시대명사 that과 those,those + 현재분사(enduring) = '~하는 사람들'(those people),"those는 '사람들'을 뜻하는 지시대명사이고, 뒤의 현재분사구 enduring hardship이 이를 수식해 '역경을 견디는 사람들'이 된다. 뒤의 them과도 복수로 호응하므로 맞다.",A pet’s continuing affection becomes crucially important for those enduring hardship because it reassures them,medium
2017-수능,2017학년도 수능,2016,11,수능,28,②,depressed,,,현재분사와 과거분사,감정 분사: 환자가 우울함을 '느끼는' 쪽이므로 과거분사 depressed가 patients 수식,patients는 남을 우울하게 만드는 주체가 아니라 우울함을 느끼는 대상이므로 과거분사 depressed가 맞다. or로 연결된 chronically ill과 함께 patients를 수식한다.,Thus pets are important in the treatment of depressed or chronically ill patients.,medium
2017-수능,2017학년도 수능,2016,11,수능,28,③,used,,,능동태와 수동태,"주어 pets는 '이용되는' 대상 → be p.p.(are used), to great advantage는 부사구","애완동물은 사람이 이용하는 대상이므로 수동태 are used가 맞다. 여기서 to는 be used to(~에 익숙하다)나 to부정사의 to가 아니고, 'to great advantage(아주 유리하게)'라는 부사구의 전치사다.","In addition, pets are used to great advantage with the institutionalized aged.",medium
2017-수능,2017학년도 수능,2016,11,수능,28,④,what,,,what과 that의 구분,선행사 없음 + 뒤 절에 보어 결여(once were __) → remember의 목적어 명사절 what,"remember의 목적어 자리에 선행사가 없고, 뒤의 절 their parents or grandparents once were는 보어가 빠진 불완전한 절이다. 따라서 관계대명사 what('예전의 모습')이 맞다.",Children who visit cannot help but remember what their parents or grandparents once were and be depressed by their incapacities.,medium
2017-수능,2017학년도 수능,2016,11,수능,28,⑤,was,O,were,주어와 동사의 수일치,the + 형용사(the aged) = 복수 보통명사(노인들) → 복수동사 were,"the aged는 '노인들'을 뜻하는 복수 명사이고 뒤에서 them, they로 받는다. 따라서 was가 아니라 복수동사 were가 와야 한다.",They have no memories about what the aged once was and greet them as if they were children.,medium
2017-3월학평,2017년 3월 학평,2017,3,교육청,28,①,is,,,주어와 동사의 수일치,One of + 복수명사 주어는 단수 동사로 받음,주어의 핵심이 One이고 of the simplest ... ways는 그것을 꾸미는 수식어이므로 단수 동사 is가 맞다.,One of the simplest and most effective ways to build empathy in children is to let them play more on their own.,medium
2017-3월학평,2017년 3월 학평,2017,3,교육청,28,②,themselves,,,재귀대명사,분사구문 forcing의 의미상 주어(children)와 목적어가 같을 때 재귀대명사 사용,"forcing의 의미상 주어는 문장 주어 children이고, 목적어도 아이들 자신이므로 재귀대명사 themselves가 맞다.","children at play often take on other roles, pretending to be Principal Walsh or Josh’s mom, happily forcing themselves to imagine how someone else thinks",medium
2017-3월학평,2017년 3월 학평,2017,3,교육청,28,③,ultimately,,,형용사와 부사,형용사 dramatic을 수식하는 부사 자리,ultimately는 뒤의 형용사 dramatic을 꾸미므로 부사 형태가 맞다. 명사 decline은 continuous와 dramatic이 수식한다.,Peter Gray has documented a continuous and ultimately dramatic decline in children’s opportunities to play and explore in their own chosen ways,medium
2017-3월학평,2017년 3월 학평,2017,3,교육청,28,④,damaged,O,damaging,현재분사와 과거분사,2형식 보어 자리 분사형 형용사: 주어가 해를 끼치는 쪽이므로 v-ing(damaging),주어 The effects는 공감에 해를 끼치는 주체이고 to empathy가 그 대상을 나타내므로 능동 의미의 damaging(해로운)이 보어로 와야 한다. damaged로 쓰면 영향이 손상을 입었다는 뜻이 되어 틀리다.,"The effects have been especially damaged, he argues, to empathy.",medium
2017-3월학평,2017년 3월 학평,2017,3,교육청,28,⑤,what,,,what과 that의 구분,선행사 없이 보어 명사절을 이끌고 see의 목적어가 빠진 자리의 what,are의 보어 자리에 선행사가 없고 뒤 절에서 see의 목적어가 빠져 있으므로 선행사를 포함한 관계대명사 what이 맞다.,He concludes that a decline of empathy and a rise in narcissism are exactly what we would expect to see in children,medium
2017-4월학평,2017년 4월 학평,2017,4,교육청,28,①,that,,,"명사절 접속사 that, whether, if",타동사 calculated의 목적어절을 이끄는 접속사 that + 완전한 절(to부정사구 주어 + would cost),that 뒤에 to send ~ Lyons(to부정사구 주어)와 would cost(동사)를 갖춘 완전한 절이 온다. 따라서 calculated의 목적어절을 이끄는 명사절 접속사 that이 맞다. 뒤 절이 완전하므로 what은 올 수 없다.,An Italian printer calculated in 1550 that to send a load of books from Rome to Lyons would cost 18 scudi by land,high
2017-4월학평,2017년 4월 학평,2017,4,교육청,28,②,developed,,,동사 자리와 준동사 자리,but 이하 절의 주어 a system(of ~ by canal boat의 수식을 받음)에 대한 정동사 자리. develop은 '발달하다'라는 자동사로 쓰여 능동 과거형,but 뒤 절의 주어 a system이 긴 수식어(of transporting ~ by canal boat) 뒤에서 정동사를 필요로 하므로 과거형 정동사 developed가 맞다. 여기서 develop은 '발달하다'라는 자동사이므로 수동태로 쓸 필요가 없다.,"a system of transporting letters and newspapers, as well as people, by canal boat developed in the Dutch Republic in the seventeenth century",high
2017-4월학평,2017년 4월 학평,2017,4,교육청,28,③,slow,,,형용사와 부사,"앞의 속도(명사구)를 덧붙여 설명하는 형용사 자리(= which was slow, being 생략). 부사 slowly는 올 수 없음",slow는 앞의 속도(a little over four miles an hour)의 상태를 덧붙여 설명하는 형용사이다. being이 생략된 형태로 볼 수 있다. 동사를 꾸미는 자리가 아니므로 부사 slowly가 아니라 형용사 slow가 맞다.,"The average speed of the boats was a little over four miles an hour, slow compared to a rider on horseback.",high
2017-4월학평,2017년 4월 학평,2017,4,교육청,28,④,equalizing,,,분사구문,결과를 나타내는 분사구문(thus + v-ing). 의미상 주어 the service가 접근성을 '고르게 하는' 능동 관계이므로 현재분사,주절(the service ~ allowed communication ...)의 결과를 나타내는 분사구문이다. 의미상 주어 the service가 정보 접근성을 고르게 '만드는' 능동 관계이고 목적어 accessibility도 있으므로 현재분사 equalizing이 맞다.,"allowed communication not only between Amsterdam and the smaller towns, but also between one small town and another, thus equalizing accessibility to information",high
2017-4월학평,2017년 4월 학평,2017,4,교육청,28,⑤,were,O,was,주어와 동사의 수일치,It was ~ that 강조구문 안 that절의 주어 핵심어 link(단수) → 단수동사 was. between A and B 수식어에 속지 말 것,It was ~ that 강조구문의 that절에서 주어의 핵심어는 단수 명사 the traditional link이다. between transport and the communication of messages는 수식어일 뿐이므로 동사는 were가 아니라 단수형 was(broken)가 되어야 한다.,"It was only in 1837, with the invention of the electric telegraph, that the traditional link between transport and the communication of messages were broken.",high
2018-6월모평,2018학년도 6월 모평,2017,6,평가원,28,①,unsuspecting,,,현재분사와 과거분사,명사 bee를 앞에서 꾸미는 분사형 형용사. 숙주 벌이 '의심하지 않는' 능동 의미라 v-ing,숙주 벌은 침입을 '의심하지 않는' 쪽이므로 능동 의미의 unsuspecting이 bee를 꾸미는 것이 맞다. unsuspected는 '의심받지 않는'이라는 수동 의미가 되어 문맥에 맞지 않는다.,"These thieving bees sneak into the nest of an unsuspecting “normal” bee (known as the host), lay an egg near the pollen mass",high
2018-6월모평,2018학년도 6월 모평,2017,6,평가원,28,②,its,,,대명사의 수와 격,단수 주어 it(= the egg of the thief)을 받는 단수 소유격 its,"부화한 도둑벌의 알(단수, 앞에서 it으로 받음)의 희생자를 가리키므로 단수 소유격 its가 맞다. 뒤에 명사 victim이 오므로 소유격 자리이기도 하다.","When the egg of the thief hatches, it kills the host’s offspring and then eats the pollen meant for its victim.",high
2018-6월모평,2018학년도 6월 모평,2017,6,평가원,28,③,leaves,O,leave,주어와 동사의 수일치,계속적 용법 관계절 which의 선행사 cuckoo birds(복수) → 복수동사. and로 lay와 병렬,"which의 선행사는 복수 명사 cuckoo birds라서 관계절 동사도 복수형이어야 하고, and 앞의 lay와 병렬을 이룬다. 따라서 leaves를 leave로 고쳐야 한다.","they are similar to cuckoo birds, which lay an egg in the nest of another bird and leaves it for that bird to raise.",high
2018-6월모평,2018학년도 6월 모평,2017,6,평가원,28,④,technically,,,형용사와 부사,수동태 동사 are called를 꾸미는 부사 자리 → technically,'더 전문적으로는 ~라고 불린다'는 뜻으로 동사 are called를 꾸미므로 부사 technically가 맞다. 형용사 technical은 동사를 꾸밀 수 없다.,They are more technically called cleptoparasites.,high
2018-6월모평,2018학년도 6월 모평,2017,6,평가원,28,⑤,that,,,관계대명사,선행사 an organism을 받아 관계절의 주어가 되는 주격 관계대명사 that. 뒤에 동사 lives,선행사 an organism이 있고 뒤 절에 주어가 빠져 있으며(lives off ~) 동사가 단수형이므로 주격 관계대명사 that이 맞다. 선행사가 있으므로 what은 쓸 수 없다.,the term cleptoparasite refers specifically to an organism that lives off another by stealing its food.,high
2017-7월학평,2017년 7월 학평,2017,7,교육청,29,①,when,,,관계부사와 전치사+관계대명사,선행사(the times)가 생략된 관계부사 when이 be동사의 보어절을 이끎,were 뒤 보어 자리에 선행사가 생략된 관계부사 when이 와서 '~할 때'라는 명사절 역할을 한다. 뒤에 people ... conquered and eliminated the people of another라는 완전한 절이 오므로 when이 맞다.,The most dramatic and significant contacts between civilizations were when people from one civilization conquered and eliminated the people of another.,high
2017-7월학평,2017년 7월 학평,2017,7,교육청,29,②,they,,,대명사의 수와 격,복수 명사 These contacts를 받는 주격 대명사 they,"they는 앞 절의 복수 주어 These contacts를 가리키고, and 뒤 절에서 occurred의 주어 자리이므로 복수 주격 they가 맞다.","These contacts normally were not only violent but brief, and they occurred only occasionally.",high
2017-7월학평,2017년 7월 학평,2017,7,교육청,29,③,sustained,,,현재분사와 과거분사,명사 contacts를 앞에서 수식하는 과거분사 sustained(지속된),접촉은 '지속되는' 대상이므로 수동·완료 의미의 과거분사 sustained가 intense와 함께 contacts를 수식하는 것이 맞다. relatively는 분사를 꾸미는 부사이다.,"Beginning in the seventh century A.D., relatively sustained and at times intense intercivilizational contacts did develop between Islam and the West",high
2017-7월학평,2017년 7월 학평,2017,7,교육청,29,④,having,O,had,동사 자리와 준동사 자리,While 부사절 뒤 주절(주어 both civilizations)에 정동사가 없음,"While절은 부사절인데, 주절의 주어 both civilizations 뒤에 정동사가 없어 문장이 성립하지 않는다. 따라서 having을 정동사로 고쳐야 하며, 앞 절(were invaded)을 비롯한 글 전체의 과거 시제에 맞춰 had로 쓴다.","While India and China, for instance, were on occasion invaded and subjected by other peoples (Moguls, Mongols), both civilizations having extensive times of “warring states”",high
2017-7월학평,2017년 7월 학평,2017,7,교육청,29,⑤,did,,,대동사,비교 대상 절에서 일반동사 과거형 fought and traded를 대신하는 대동사 did,"than 이하에서 앞의 일반동사 과거형 fought ... and traded를 반복하는 대신 쓰는 대동사이므로, 시제와 동사 종류에 맞는 did가 맞다.",the Greeks fought each other and traded with each other far more often than they did with Persians or other non­Greeks.,high
2018-9월모평,2018학년도 9월 모평,2017,9,평가원,28,①,filled,,,현재분사와 과거분사,명사 place를 뒤에서 수식하는 분사: 장소가 ~로 '채워진' 수동 관계 → 과거분사 filled,place는 멸종 위기의 열대 우림과 북극곰으로 '채워진' 대상이므로 수동 의미의 과거분사 filled가 적절하다. be filled with 구조가 명사 뒤 수식으로 쓰인 형태이다.,"that fantastic, beautifully filmed place filled with endangered rainforests and polar bears in peril.",high
2018-9월모평,2018학년도 9월 모평,2017,9,평가원,28,②,waits,O,waiting,동사 자리와 준동사 자리,문장의 정동사 is가 이미 있으므로 than 이하 the everyday nature를 수식하는 준동사(현재분사) 자리 → waiting,주어 This ~ version of nature의 정동사 is가 이미 있다. than 뒤의 the everyday nature ~ doors는 비교 대상 명사구일 뿐이므로 동사 waits가 올 수 없다. 이 명사구를 능동 의미로 뒤에서 수식하는 현재분사 waiting으로 고쳐야 한다.,"than the everyday nature right outside their doors, waits to be discovered in a child’s way, at a child’s pace.",high
2018-9월모평,2018학년도 9월 모평,2017,9,평가원,28,③,substantially,,,형용사와 부사,비교급 more(characters)를 수식하는 자리 → 부사 substantially,substantially는 비교급 more를 강조·수식하므로 부사 형태가 적절하다. 형용사 substantial은 비교급을 수식할 수 없다.,a group of eight-year-old children was able to identify substantially more characters from animations than common wildlife species.,high
2018-9월모평,2018학년도 9월 모평,2017,9,평가원,28,④,their,,,대명사의 수와 격,지칭 대상 our children(복수) + 명사 world 앞 소유격 자리 → their,"가리키는 대상은 앞의 our children으로 복수이고, 명사 world를 꾸미는 소유격 자리이므로 their가 적절하다.",is slowly devolving to facilitate life in their increasingly virtualized world.,high
2018-9월모평,2018학년도 9월 모평,2017,9,평가원,28,⑤,what,,,what과 that의 구분,"전치사 of의 목적어 명사절, 선행사 없음 + called의 목적어가 빠진 불완전한 절(5형식 call O C) → what","of 뒤에 선행사가 없고, 뒤 절 Robert Pyle first called “the extinction of experience”에는 call의 목적어가 빠져 있다. 따라서 선행사를 포함한 관계대명사 what(~라고 부른 것)이 적절하다.",It’s all part of what Robert Pyle first called “the extinction of experience.”,high
2017-10월학평,2017년 10월 학평,2017,10,교육청,28,①,which,O,that,"명사절 접속사 that, whether, if",be assured 뒤에 완전한 절을 이끄는 명사절 접속사 that 자리에 관계대명사 which를 씀,"be assured 뒤에는 확신하는 내용을 담은 명사절이 와야 하고, 뒤의 절(the latter will not disclose ... the information provided)은 주어와 목적어를 다 갖춘 완전한 절입니다. 그래서 관계대명사 which는 쓸 수 없고 접속사 that으로 고쳐야 합니다.","should be assured, when discussing their rights or obligations with a lawyer, which the latter will not disclose to third parties the information provided.",medium
2017-10월학평,2017년 10월 학평,2017,10,교육청,28,②,will people,,,도치,Only if 부사절이 문두에 올 때 주절의 조동사와 주어가 도치됨,'Only + 부사절(if절)'이 문장 앞에 나오면 주절은 '조동사 + 주어 + 동사원형' 순서로 도치됩니다. 그래서 will people feel은 맞는 표현입니다.,Only if this duty of confidentiality is respected will people feel free to consult lawyers,medium
2017-10월학평,2017년 10월 학평,2017,10,교육청,28,③,disclosed,,,현재분사와 과거분사,information을 뒤에서 꾸미는 분사의 능동/수동 구분 (공개되는 정보 → 과거분사),information은 공개하는 주체가 아니라 공개되는 대상입니다. 따라서 수동의 의미를 지닌 과거분사 disclosed가 뒤에서 꾸미는 것이 맞습니다.,"Regardless of the type of information disclosed, clients must be certain that it will not be used against them",medium
2017-10월학평,2017년 10월 학평,2017,10,교육청,28,④,much,,,비교 구문,비교급(more than)을 강조하는 부사 much,"much는 비교급 앞에서 '훨씬'이라는 뜻으로 비교급을 강조하는 부사입니다(even, far, still, a lot도 같은 역할). 그래서 much more than은 맞는 표현입니다.","Legal professional privilege is much more than an ordinary rule of evidence, limited in its application to the facts of a particular case.",medium
2017-10월학평,2017년 10월 학평,2017,10,교육청,28,⑤,rests,,,주어와 동사의 수일치,on which 관계절의 정동사가 단수 주어 the administration에 수일치,"관계절 on which ...의 주어는 단수 명사 the administration이고(of justice, as a whole은 수식어), 이 절에는 정동사가 필요합니다. 따라서 단수 동사 rests가 맞고, rest on(~에 달려 있다)의 자동사 용법과도 맞습니다.",It is a fundamental condition on which the administration of justice as a whole rests.,medium
2018-수능,2018학년도 수능,2017,11,수능,28,①,have,,,주어와 동사의 수일치,관계절(who study giving behavior)을 사이에 둔 복수 주어 Psychologists와 현재완료 have noticed의 수 일치,문장의 주어는 관계절의 수식을 받는 복수 명사 Psychologists이므로 복수 동사 have(현재완료 have noticed)가 맞다.,Psychologists who study giving behavior have noticed that some people give substantial amounts to one or two charities,high
2018-수능,2018학년도 수능,2017,11,수능,28,②,what,O,whether,"명사절 접속사 that, whether, if",전치사 about의 목적어 명사절에서 완전한 절 앞에는 what이 아니라 '~인지 (아닌지)'의 whether,뒤의 절 it is really having a positive impact는 주어·목적어가 모두 갖춰진 완전한 절이므로 불완전한 절을 이끄는 what은 쓸 수 없다. 문맥상 '실제로 긍정적인 영향을 미치고 있는지'라는 뜻이므로 접속사 whether로 고쳐야 한다.,Those who donate to one or two charities seek evidence about what the charity is doing and what it is really having a positive impact.,high
2018-수능,2018학년도 수능,2017,11,수능,28,③,doing,,,능동태와 수동태,what절 안의 능동 진행형 are doing (what이 doing의 목적어),"what they are doing에서 they가 하는 일이므로 능동 진행형 are doing이 맞고, 관계대명사 what이 doing의 목적어 역할을 한다. 이 what절이 whether절의 주어가 되어 단수 동사 helps로 이어진다.",Those who give small amounts to many charities are not so interested in whether what they are doing helps others,high
2018-수능,2018학년도 수능,2017,11,수능,28,④,them,,,재귀대명사,동명사구 주어와 목적어가 다른 대상일 때 재귀대명사가 아닌 인칭대명사 them,makes의 주어는 동명사구 Knowing that they are giving이고 목적어는 기부자들(they)이므로 주어와 목적어가 다른 대상이다. 따라서 재귀대명사 themselves가 아니라 복수 인칭대명사 them이 맞다.,"Knowing that they are giving makes them feel good, regardless of the impact of their donation.",high
2018-수능,2018학년도 수능,2017,11,수능,28,⑤,to think,,,to부정사,stop + to부정사(목적: ~하기 위해 멈추다) vs stop + 동명사,"stopped to think는 '생각해 보기 위해 (하던 일을) 멈추다'라는 뜻으로, 목적을 나타내는 to부정사가 문맥에 맞다. stopped thinking으로 쓰면 '생각하기를 그만두다'가 되어 뜻이 통하지 않는다.","In many cases the donation is so small ─ $10 or less ─ that if they stopped to think, they would realize",high
2018-3월학평,2018년 3월 학평,2018,3,교육청,29,(A),Adopt / Adopting,O,Adopt,동사 자리와 준동사 자리,"'명령문, and ~'(~하면 …할 것이다) 구문: and 뒤가 절(you will be ...)이므로 앞도 절이어야 함 → 명령문 동사원형 Adopt","and가 절과 절을 잇는데 and 뒤에 you will be dead sooner라는 절이 오므로, 앞부분도 문장(명령문)이 되어야 한다. Adopting을 쓰면 '이 사고방식을 갖는 것'이라는 명사구만 남아 문장이 성립하지 않으므로 동사원형 Adopt가 맞다.","The old maxim “I’ll sleep when I’m dead” is unfortunate. (A) [Adopt / Adopting] this mind-set, and you will be dead sooner",high
2018-3월학평,2018년 3월 학평,2018,3,교육청,29,(B),them / themselves,O,themselves,재귀대명사,"주격 관계대명사 that절의 의미상 주어는 선행사 the only species(=human beings)이고, deprive의 주체와 대상이 같음 → deprive oneself of","관계절 that will deliberately deprive ~의 주어는 선행사 the only species, 곧 인간이다. 잠을 빼앗는 주체와 빼앗기는 대상이 같으므로 them이 아니라 재귀대명사 themselves를 써야 한다.",human beings are in fact the only species that will deliberately deprive (B) [them / themselves] of sleep without legitimate gain.,high
2018-3월학평,2018년 3월 학평,2018,3,교육청,29,(C),where / which,O,where,관계부사와 전치사+관계대명사,선행사 countries 뒤의 절 sleep time has declined(자동사)가 주어·동사를 다 갖춘 완전한 절 → 관계부사 where(=in which),"뒤의 절 sleep time has declined most dramatically는 decline이 자동사라 목적어가 필요 없고, 빠진 문장 성분이 없는 완전한 절이다. 따라서 불완전한 절을 이끄는 관계대명사 which가 아니라 관계부사 where를 써야 한다.",It is no coincidence that countries (C) [where / which] sleep time has declined most dramatically over the past century,high
2018-4월학평,2018년 4월 학평,2018,4,교육청,28,①,to see,,,to부정사,have no choice but to-v(~할 수밖에 없다): 전치사 but(~을 제외하고) 뒤 to부정사,have no choice but 뒤에는 to부정사가 오는 관용 표현이므로 to see가 맞다.,"In fact, humans who do not have numbers have no choice but to see the world in this way.",high
2018-4월학평,2018년 4월 학평,2018,4,교육청,28,②,is,,,주어와 동사의 수일치,"주어 핵심어 The precedence(단수)이고, of ~ over ~ 수식어구와 삽입절 Pica suggests는 빼고 본다 → 단수동사 is",of 전치사구와 콤마 삽입절을 걷어내면 주어의 핵은 단수명사 precedence다. 따라서 단수동사 is가 맞다.,"The precedence of approximations and ratios over exact numbers, Pica suggests, is due to the fact that ratios are much more important",high
2018-4월학평,2018년 4월 학평,2018,4,교육청,28,③,Faced,,,분사구문,의미상 주어 we가 적에 '직면하게 되는' 수동 관계(be faced with)이므로 과거분사로 시작하는 분사구문,주절의 주어 we와 face가 수동 관계다(When we were faced with ~). 뒤에 목적어 없이 with가 이어지므로 과거분사 Faced가 맞다.,"Faced with a group of spear-wielding adversaries, we needed to know instantly whether there were more of them than us.",high
2018-4월학평,2018년 4월 학평,2018,4,교육청,28,④,that,O,which,"명사절 접속사 that, whether, if","know의 목적어 명사절, 뒤 절에 주어가 빠짐(불완전)·'두 나무 중 어느 것' 의미 → 의문대명사 which",접속사 that은 완전한 절을 이끄는데 뒤 절은 주어가 빠진 불완전한 절이다. 의미도 '두 그루 중 어느 나무가 열매가 더 많은지'이므로 의문사 which(which had more fruit hanging from it)로 고쳐야 한다. 선행사가 없다고 what을 쓰면 '어느 것'이라는 선택의 의미가 살지 않는다.,When we saw two trees we needed to know instantly that had more fruit hanging from it.,high
2018-4월학평,2018년 4월 학평,2018,4,교육청,28,⑤,necessary,,,보어와 목적격보어,"부정어구 In neither case로 도치된 was it ~ 구문에서 was의 주격보어 → 형용사 necessary(가주어 it, 진주어 to enumerate)",도치를 풀면 it was necessary to enumerate ~다. 2형식 be동사의 주격보어 자리이므로 부사 necessarily가 아니라 형용사 necessary가 맞다.,In neither case was it necessary to enumerate every enemy or every fruit individually.,high
2019-6월모평,2019학년도 6월 모평,2018,6,평가원,28,①,that,,,기타,so ~ that ... 결과 구문의 접속사 that,앞의 so averse와 짝을 이루어 '너무 ~해서 …하다'라는 결과를 나타내는 so ~ that 구문이므로 접속사 that은 적절하다.,Humans are so averse to feeling that they’re being cheated that they often respond in ways that seemingly make little sense.,high
2019-6월모평,2019학년도 6월 모평,2018,6,평가원,28,②,what,,,what과 that의 구분,선행사를 포함한 관계대명사 what이 study의 목적어 명사절을 이끎,앞에 선행사가 없고 study의 목적어가 되는 명사절을 이끌며 절 안에서 do의 목적어가 빠져 있으므로 선행사를 포함한 what은 적절하다.,study what people do as opposed to the kind who simply assume the human mind works like a calculator ― have shown again and again,high
2019-6월모평,2019학년도 6월 모평,2018,6,평가원,28,③,it,,,가주어와 가목적어 it,it costs A B to do 구문의 가주어 it,진주어 to do so를 대신하는 가주어 자리로 '~하는 데 A에게 B의 비용이 들다'라는 it costs A B to do 구문이므로 it은 적절하다.,have shown again and again that people reject unfair offers even if it costs them money to do so.,high
2019-6월모평,2019학년도 6월 모평,2018,6,평가원,28,④,refused,O,refuse,병렬 구조,조동사 can 뒤에서 or로 take와 병렬되는 동사원형,or를 기준으로 조동사 can에 이어지는 동사원형 take와 병렬 관계를 이루어야 하므로 과거형 refused가 아니라 동사원형 refuse가 되어야 한다.,The partner only has two options. He can take what’s offered or refused to take anything.,high
2019-6월모평,2019학년도 6월 모평,2018,6,평가원,28,⑤,leaving,,,분사구문,주절에 이어지는 동시동작·결과의 분사구문(능동 v-ing),offer an equal split to the partner와 동시에 일어나는 일(그 결과)을 나타내는 분사구문이다. 의미상 주어인 주절의 주어 Many people이 두 사람을 행복하고 서로 믿으려는 상태로 '남겨 두는' 능동 관계이므로 현재분사 leaving은 적절하다.,"Many people offer an equal split to the partner, leaving both individuals happy and willing to trust each other in the future.",high
2018-7월학평,2018년 7월 학평,2018,7,교육청,28,①,typically,,,형용사와 부사,be동사 are와 보어 명사구 the guardians 사이에서 절 전체를 수식하는 부사 typically,"'대개, 일반적으로'라는 뜻으로 술부를 수식하는 자리이므로 부사 typically가 맞다. 보어는 명사구 the guardians이다.","And the burden falls primarily on women, who are typically the guardians not only of their own health, but that of their husbands and children.",high
2018-7월학평,2018년 7월 학평,2018,7,교육청,28,②,to be,,,가주어와 가목적어 it,가주어 It + 진주어 to부정사(to be able to sort ~ and make ~),"문두 It은 가주어이고, 진짜 주어는 to부정사구 to be able to sort through ~ and make decisions이다. 따라서 to be able이 맞다.","It is an overwhelming task for women, and consumers in general, to be able to sort through the information they find and make decisions",high
2018-7월학평,2018년 7월 학평,2018,7,교육청,28,③,which,O,from which,관계부사와 전치사+관계대명사,"관계절 we are to make the decisions가 완전한 절 → 관계대명사 which 단독 불가, 전치사+관계대명사 from which",which 뒤의 we are to make the decisions는 주어·동사·목적어를 다 갖춘 완전한 절이므로 관계대명사 which만으로는 이어질 수 없다. '정보원으로부터 결정을 내린다'는 뜻이 되도록 from which로 고쳐야 한다.,but that the number of sources of information which we are to make the decisions has exploded.,high
2018-7월학평,2018년 7월 학평,2018,7,교육청,28,④,making,,,병렬 구조,전치사 of의 목적어 동명사 listening ~ 과 and로 병렬 → making,a matter of 뒤의 동명사 listening to your doctor ~와 and로 대등하게 연결되므로 동명사 making이 맞다. lay out은 지각동사 listen to의 목적격보어인 원형부정사이다.,It’s not just a matter of listening to your doctor lay out the options and making a choice.,high
2018-7월학평,2018년 7월 학평,2018,7,교육청,28,⑤,has,,,주어와 동사의 수일치,"주어 핵심어 the prospect(단수), of medical decisions는 수식어구 → 단수동사 has","주어의 핵심어는 단수명사 prospect이고, of medical decisions는 수식어구이다. 따라서 단수동사 has가 맞다.",So now the prospect of medical decisions has become everyone’s worst nightmare of a term paper assignment,high
2019-9월모평,2019학년도 9월 모평,2018,9,평가원,29,①,by which,,,관계부사와 전치사+관계대명사,완전한 절 앞의 전치사+관계대명사 (function by the process),"뒤의 절 'biological evolution functions'는 자동사 functions로 끝나는 완전한 절이고, 'evolution functions by the process of selection'의 전치사 by가 관계사 앞으로 온 형태라서 by which가 맞다.",It also is part of the process of selection by which biological evolution functions.,high
2019-9월모평,2019학년도 9월 모평,2018,9,평가원,29,②,themselves,,,재귀대명사,동명사 finding의 의미상 주어(those)와 같은 대상을 가리키는 재귀대명사,"먹이를 찾는 주체는 those(생존에 덜 적합한 개체들)이고, 그 먹이를 받는 대상도 같은 개체들이다. 그래서 복수 재귀대명사 themselves가 맞다.","Starvation helps filter out those less fit to survive, those less resourceful in finding food for themselves and their young.",high
2019-9월모평,2019학년도 9월 모평,2018,9,평가원,29,③,to take,,,to부정사,pave the way for + 의미상 주어 + to부정사,"'pave the way for A to do'(A가 ~할 길을 열다) 구문으로, genetic variants가 to부정사의 의미상 주어다. 따라서 to take hold가 맞다.","In some circumstances, it may pave the way for genetic variants to take hold in the population of a species",high
2019-9월모평,2019학년도 9월 모평,2018,9,평가원,29,④,possible,,,보어와 목적격보어,make + 목적격보어(형용사) + 긴 목적어 후치,5형식 동사 make의 목적어 'the good of greater diversity'가 길어서 목적격보어 뒤로 옮겨진 구조(make possible O)다. 목적격보어 자리이므로 부사가 아닌 형용사 possible이 맞다.,Thus starvation is a disvalue that can help make possible the good of greater diversity.,high
2019-9월모평,2019학년도 9월 모평,2018,9,평가원,29,⑤,What,O,That,what과 that의 구분,완전한 절을 이끄는 명사절 주어: what이 아닌 접속사 that,'some organisms must starve in nature'는 주어와 자동사 starve가 갖춰진 완전한 절이라서 불완전한 절을 이끄는 what은 쓸 수 없다. 문장의 주어가 되는 명사절을 이끄는 접속사 That으로 고쳐야 한다.,What some organisms must starve in nature is deeply regrettable and sad.,high
2018-10월학평,2018년 10월 학평,2018,10,교육청,28,①,freely,,,형용사와 부사,자동사 flow를 수식하는 부사 자리(more + 부사 비교급),freely는 동사 flow를 꾸미므로 부사가 맞다. more freely than ever before는 부사의 비교급 구문이다.,The Internet allows information to flow more freely than ever before.,medium
2018-10월학평,2018년 10월 학평,2018,10,교육청,28,②,where,,,관계부사와 전치사+관계대명사,장소 선행사 a world + 완전한 절을 이끄는 관계부사 where,"선행사 a world가 장소이고, 뒤 절은 주어 an extensive trail과 수동태 동사 will be preserved를 갖춘 완전한 절이다. 따라서 관계부사 where가 맞다.","We’re heading toward a world where an extensive trail of information fragments about us will be forever preserved on the Internet,",medium
2018-10월학평,2018년 10월 학평,2018,10,교육청,28,③,beginning,,,현재분사와 과거분사,명사 a detailed record를 뒤에서 수식하는 자동사 begin의 현재분사,"기록이 어린 시절부터 '시작되는' 것으로, 여기서 begin은 begin with(~로 시작하다)의 자동사로 쓰였다. 자동사는 수동의 과거분사로 명사를 꾸밀 수 없으므로 능동의 현재분사 beginning이 맞다.","We will be forced to live with a detailed record beginning with childhood that will stay with us for life wherever we go,",medium
2018-10월학평,2018년 10월 학평,2018,10,교육청,28,④,humiliated,O,humiliating,현재분사와 과거분사,2형식 보어 자리의 감정 분사: 주어(it=data)가 굴욕감을 주는 쪽이므로 v-ing,주어 it(this data)은 사람에게 굴욕감을 '주는' 쪽이므로 능동 의미의 현재분사 humiliating을 써야 한다. but으로 true와 연결되어 can be의 보어로 쓰인 형용사 자리다.,This data can often be of dubious reliability; it can be false; or it can be true but deeply humiliated.,medium
2018-10월학평,2018년 10월 학평,2018,10,교육청,28,⑤,it,,,가주어와 가목적어 it,find + 가목적어 it + 목적격보어(harder) + 진목적어 to부정사,"진목적어 to engage in self-exploration가 길어서 뒤로 보내고, 목적어 자리에 가목적어 it을 썼다. 5형식 find it harder to-v 구조로 올바르다.",We might find it harder to engage in self­exploration if every false step and foolish act is preserved forever in a permanent record.,medium
2019-수능,2019학년도 수능,2018,11,수능,29,①,expressing,,,동명사,come close to + v-ing: to는 전치사이므로 동명사 expressing이 온다,come close to의 to는 전치사라서 목적어 자리에 동명사가 온다. 뒤에 목적어 the basic characteristic이 있으므로 동명사 expressing이 맞다.,“Monumental” is a word that comes very close to expressing the basic characteristic of Egyptian art.,high
2019-수능,2019학년도 수능,2018,11,수능,29,②,did,O,was,대동사,"앞 동사가 수동태(has been achieved)이므로 대동사도 be동사여야 하고, 과거 이집트의 일이므로 was(= was achieved)","it(the quality of monumentality)은 '성취되는' 대상이다. 앞 절의 수동태 has been achieved를 대신하려면 be동사가 필요하므로, 이집트에서의 과거 일을 나타내는 was로 고쳐야 한다. did는 능동의 일반동사를 대신하므로 쓸 수 없다.",Never before and never since has the quality of monumentality been achieved as fully as it did in Egypt.,high
2019-수능,2019학년도 수능,2018,11,수능,29,③,those,,,지시대명사 that과 those,비교 대상인 복수 명사 structures의 반복을 피하는 지시대명사 those,those는 앞의 복수 명사 structures를 가리켜 the structures of Egypt를 뜻한다. 지칭 대상이 복수이므로 those가 맞다.,Many modern structures exceed those of Egypt in terms of purely physical size.,high
2019-수능,2019학년도 수능,2018,11,수능,29,④,that,,,관계대명사,선행사 that gigantic pile of stones + 주어가 빠진 불완전한 절 → 주격 관계대명사 that (동사 constitutes는 pile에 수일치),that 뒤의 constitutes the war memorial ~에는 주어가 없다. 따라서 that gigantic pile of stones를 선행사로 받는 주격 관계대명사 that이 맞다.,"is more monumental than that gigantic pile of stones that constitutes the war memorial in Leipzig, for instance.",high
2019-수능,2019학년도 수능,2018,11,수능,29,⑤,carved,,,능동태와 수동태,"it is ~ across or (it is) carved in wood: is를 공유하는 수동태, it(조각품)은 '새겨지는' 대상이므로 과거분사",or 앞의 is only a few inches across와 carved in wood가 is를 공유하는 병렬 구조다. it(everything)이 나무에 '조각되는' 것이므로 수동의 과거분사 carved가 맞다.,"seems to be made of primeval stone, like a mountain range, even if it is only a few inches across or carved in wood.",high
2019-3월학평,2019년 3월 학평,2019,3,교육청,28,①,whether,,,"명사절 접속사 that, whether, if",investigated의 목적어 명사절을 이끄는 whether(~인지 아닌지) + 완전한 절,"뒤에 different types of writing could ease people into sleep라는 완전한 절이 오고, '~인지를 조사했다'는 뜻이므로 명사절 접속사 whether가 맞다.",Baylor University researchers investigated whether different types of writing could ease people into sleep.,high
2019-3월학평,2019년 3월 학평,2019,3,교육청,28,②,writing,,,동명사,spend + 시간 + (in) v-ing 관용 구문,spend five minutes (before bed) 뒤에 '~하면서 시간을 보내다'를 뜻하는 v-ing가 와야 하므로 writing이 맞다. 사역동사 had의 목적격보어는 원형 spend이다.,they had 57 young adults spend five minutes before bed writing either a to-do list for the days ahead or a list of tasks,high
2019-3월학평,2019년 3월 학평,2019,3,교육청,28,③,were,,,주어와 동사의 수일치,"주어 핵심어 Those(복수, 관계절 who made ~ bed의 수식) → 복수동사 were",주어는 관계절의 수식을 받는 복수 대명사 Those이므로 복수 과거동사 were가 맞다.,Those who made to-do lists before bed were able to fall asleep nine minutes faster than those who wrote about past events.,high
2019-3월학평,2019년 3월 학평,2019,3,교육청,28,④,specific,,,형용사와 부사,the 비교급 구문에서 be동사(were)의 주격보어 자리 → 형용사 specific,the to-do lists were more specific에서 비교급 보어가 앞으로 나간 구조다. 2형식 동사 were의 보어이므로 부사가 아닌 형용사 specific이 맞다.,"the more tasks and the more specific the to-do lists were, the faster the writers fell asleep.",high
2019-3월학평,2019년 3월 학평,2019,3,교육청,28,⑤,unloading,O,unloads,동사 자리와 준동사 자리,"that절 주어(동명사구 writing down future tasks, 단수) 뒤 정동사 자리 → unloads",figure that 뒤의 명사절에서 동명사구 주어 writing down future tasks에 이어지는 정동사가 없다. 따라서 unloading을 단수 정동사 unloads로 고쳐야 한다.,The study authors figure that writing down future tasks unloading the thoughts so you can stop turning them over in your mind.,high
2019-4월학평,2019년 4월 학평,2019,4,교육청,29,①,during which,,,관계부사와 전치사+관계대명사,선행사 the moment + 전치사+관계대명사 during which 뒤에 완전한 절(you read that sentence),"뒤에 주어 you, 동사 read, 목적어 that sentence를 모두 갖춘 완전한 절이 온다. 따라서 '그 순간 동안'이라는 뜻으로 선행사 the moment를 받는 전치사+관계대명사 during which가 맞다.","Of course, the moment during which you read that sentence is no longer happening.",high
2019-4월학평,2019년 4월 학평,2019,4,교육청,29,②,itself,,,재귀대명사,절의 주어 the present와 updating의 목적어가 같은 대상이므로 재귀대명사 itself,updating의 목적어는 절의 주어인 the present(단수) 자신이다. 따라서 단수 재귀대명사 itself가 맞다.,"In other words, it feels as though time flows, in the sense that the present is constantly updating itself.",high
2019-4월학평,2019년 4월 학평,2019,4,교육청,29,③,that,,,"명사절 접속사 that, whether, if",intuition의 동격절 that을 and로 병렬 연결. 뒤에 완전한 절(the past is fixed),앞의 'that the future is open ~'과 and로 병렬 연결되어 intuition의 내용을 설명하는 동격 명사절이다. 뒤에 완전한 절이 오므로 접속사 that이 맞다.,We have a deep intuition that the future is open until it becomes present and that the past is fixed.,high
2019-4월학평,2019년 4월 학평,2019,4,교육청,29,④,naturally,O,natural,형용사와 부사,양보 구문 'as+형용사+as+S+be'(=~이긴 하지만)에서 be동사 is의 주격보어 자리이므로 형용사,'as natural as this way of thinking is'는 'though this way of thinking is natural'과 같은 뜻의 양보 구문이다. 첫 as 뒤는 is의 주격보어 자리이므로 부사 naturally를 형용사 natural로 고쳐야 한다.,"Yet as naturally as this way of thinking is, you will not find it reflected in science.",high
2019-4월학평,2019년 4월 학평,2019,4,교육청,29,⑤,does,,,대동사,"앞의 일반동사 exist를 대신하는 대동사 does. 'neither+V+S' 도치, 단수 주어 the flow of time",앞 절의 일반동사 (does not) exist를 받는 대동사이므로 be동사가 아니라 do 계열을 쓴다. neither 뒤에서 주어와 도치되었고 주어 the flow of time이 단수이므로 does가 맞다.,"The present moment does not exist in them, and therefore neither does the flow of time.",high
2020-6월모평,2020학년도 6월 모평,2019,6,평가원,29,①,appealing,,,보어와 목적격보어,find + 목적어(them) + 목적격보어(형용사 appealing '매력적인'),find는 5형식 동사다. 목적어 them(= things) 뒤에는 그 상태를 설명하는 형용사 보어가 와야 한다. appealing은 '매력적인'이라는 뜻의 형용사이므로 맞다(부사 appealingly는 쓸 수 없다).,we tend to like things more and find them more appealing if everything about those things is not obvious the first time,high
2020-6월모평,2020학년도 6월 모평,2019,6,평가원,29,②,decide,,,병렬 구조,조동사 might 뒤의 동사원형 hear와 and로 병렬 연결된 동사원형 decide,and가 might 뒤의 hear와 decide를 대등하게 잇는다. 따라서 조동사 might에 이어지는 동사원형 decide가 맞다. that catches our interest는 a song을 수식하는 관계절이라 병렬 관계에 영향을 주지 않는다.,we might hear a song on the radio for the first time that catches our interest and decide we like it,high
2020-6월모평,2020학년도 6월 모평,2019,6,평가원,29,③,what,,,what과 that의 구분,선행사 없이 notice의 목적어절을 이끈다. 뒤 절은 doing의 목적어가 빠진 불완전한 절이다.,"what 앞에 선행사가 없고, what이 이끄는 절이 notice의 목적어 역할을 한다. 뒤 절에서 doing의 목적어가 빠져 있으므로 what이 맞다. 완전한 절을 이끄는 접속사 that은 쓸 수 없다.",or we might notice what the piano or drums are doing in the background,high
2020-6월모평,2020학년도 6월 모평,2019,6,평가원,29,④,emerges,,,주어와 동사의 수일치,단수 주어 A special harmony → 단수 정동사 emerges. 관계절 that we missed before는 동사 뒤로 분리돼 있다.,문장의 주어는 단수 A special harmony이므로 단수 동사 emerges가 맞다. harmony를 수식하는 관계절 that we missed before가 동사 뒤로 떨어져 있을 뿐이다. emerge는 자동사라 수동태로도 쓸 수 없다.,A special harmony emerges that we missed before.,high
2020-6월모평,2020학년도 6월 모평,2019,6,평가원,29,⑤,that,O,it,가주어와 가목적어 it,"'it takes (for A) to-v'(A가 ~하는 데 시간이 걸리다) 구문의 가주어 it. 'the 비교급 + S + V, the 비교급 ~' 구조 안에 쓰였다.",the longer 뒤의 절은 'it takes for a work of art to reveal ~'(예술 작품이 ~을 드러내는 데 시간이 걸리다) 구문이다. 따라서 진주어 to부정사구를 대신하는 가주어 it이 와야 한다. that은 가리킬 대상이 없고 관계사로 볼 수도 없으므로 it으로 고쳐야 한다.,"Sometimes, the longer that takes for a work of art to reveal all of its subtleties to us, the more fond of that thing",high
2019-7월학평,2019년 7월 학평,2019,7,교육청,28,①,in which,,,관계부사와 전치사+관계대명사,"선행사 a special state + 전치사 in + 관계대명사 which, 뒤에 완전한 절(the powers of memory are greater)","in which 뒤 절은 주어 the powers of memory와 동사 are, 보어 greater를 모두 갖춘 완전한 절이다. 선행사 a special state를 받아 '그 상태에서'의 뜻을 만드는 전치사+관계대명사가 알맞다.","The idea that hypnosis can put the brain into a special state, in which the powers of memory are dramatically greater than normal",high
2019-7월학평,2019년 7월 학평,2019,7,교육청,28,②,do,,,대동사,"than 뒤에서 앞의 일반동사 generate (memories)를 대신하는 대동사 do, 주어 they(복수)이고 현재시제","than 뒤 they do는 they generate memories를 줄인 형태다. 앞 동사가 일반동사 generate이므로 be동사가 아닌 do를 쓰고, 복수 주어 they와 현재시제에 맞춰 do가 된다.",People under hypnosis generate more “memories” than they do in a normal state,high
2019-7월학평,2019년 7월 학평,2019,7,교육청,28,③,leads,O,lead,주어와 동사의 수일치,it ~ that 강조구문에서 강조된 주어 people’s beliefs(복수)에 맞춰 that 뒤 동사를 복수형 lead로,it might be ~ that 강조구문은 people’s beliefs ... lead them to recall more things에서 주어를 강조한 문장이다. that 뒤 동사는 강조된 복수 주어 beliefs에 수를 맞춰야 하므로 leads를 lead로 고친다.,it might actually be people’s beliefs in the power of hypnosis that leads them to recall more things,high
2019-7월학평,2019년 7월 학평,2019,7,교육청,28,④,whether,,,"명사절 접속사 that, whether, if","know의 목적어 명사절을 이끄는 접속사 whether('~인지 아닌지'), 뒤에 or not과 완전한 절","whether 이하는 know의 목적어 명사절이고 '기억이 사실인지 아닌지'라는 뜻을 or not과 함께 나타낸다. 절 안에서 주어 the memories와 동사 are, 보어 true가 모두 갖춰져 있어 whether가 알맞다.",there’s no way to know whether the memories hypnotized people retrieve are true or not,high
2019-7월학평,2019년 7월 학평,2019,7,교육청,28,⑤,knew,,,가정법,"가정법 과거 if + 주어 + 동사 과거형, 주절 would(we’d) + 동사원형",주절이 we’d(we would) have로 현재 사실과 반대되는 상황을 가정하므로 if절에는 과거형 동사가 와야 한다. 따라서 knew가 맞다.,"But if we knew that, then we’d have no need to use hypnosis in the first place!",high
2020-9월모평,2020학년도 9월 모평,2019,9,평가원,29,①,to repeat,,,보어와 목적격보어,tempt + 목적어 + to부정사 (5형식 목적격보어),tempt는 'tempt O to-v(O가 ~하도록 부추기다)' 구조를 취하므로 목적어 the possessor of this information 뒤에 목적격보어로 to repeat이 쓰인 것은 맞다.,the knowledge of another’s personal affairs can tempt the possessor of this information to repeat it as gossip,high
2020-9월모평,2020학년도 9월 모평,2019,9,평가원,29,②,turn,,,도치,Only when 부사절 문두 → 주어-조동사 도치(can its possessor) 뒤 동사원형,"'Only + 부사절'이 문두에 와서 조동사 can과 주어 its possessor가 도치되었으므로 can 뒤에는 동사원형 turn이 와야 하고, 'turn A into B' 구조도 맞다.",Only when the information is repeated can its possessor turn the fact that he knows something into something socially valuable,high
2020-9월모평,2020학년도 9월 모평,2019,9,평가원,29,③,himself,,,재귀대명사,주어 he와 같은 대상을 가리키는 전치사 목적어 → 재귀대명사(keep ~ to oneself),"전치사 to의 목적어가 절의 주어 he와 동일 인물이므로 재귀대명사 himself가 맞으며, 'keep ~ to oneself(~을 혼자만 알고 있다)'라는 관용 표현이다.","As long as he keeps his information to himself, he may feel superior to those who do not know it.",high
2020-9월모평,2020학년도 9월 모평,2019,9,평가원,29,④,actualizing,O,actualizes,동사 자리와 준동사 자리,주격 관계대명사 that절의 정동사 자리 (삽입된 분사구 latently contained in the secret 뒤),"superiority를 수식하는 주격 관계대명사 that절에 정동사가 없다. so to say와 분사구 latently contained in the secret는 삽입된 요소이므로, 선행사 superiority(단수)에 맞춰 actualizing을 정동사 actualizes로 고쳐야 한다.","“superiority that, so to say, latently contained in the secret, fully actualizing itself only at the moment of disclosure.”",high
2020-9월모평,2020학년도 9월 모평,2019,9,평가원,29,⑤,whose,,,관계대명사,전치사 as + 소유격 관계대명사 whose + 명사,"선행사 the subject of gossip를 받는 소유격 관계대명사 whose가 명사 friend를 수식하고, 관계절은 'he presents himself as the subject's friend'에서 전치사 as가 앞으로 나간 구조이므로 맞다.","some of the “fame” of the subject of gossip, as whose “friend” he presents himself, will rub off on him.",high
2019-10월학평,2019년 10월 학평,2019,10,교육청,29,①,those,,,지시대명사 that과 those,비교 대상 The brain's running costs(복수)의 반복을 피하는 지시대명사 those,뇌의 유지 비용(running costs)과 근육의 유지 비용을 비교하는 문장이다. 반복되는 명사 running costs가 복수이므로 those가 맞다.,"The brain's running costs are about eight to ten times as high, per unit mass, as those of the body's muscles.",high
2019-10월학평,2019년 10월 학평,2019,10,교육청,29,②,specialized,,,현재분사와 과거분사,"명사 brain cells를 앞에서 수식하는 과거분사(특화된, 수동 의미)",뇌세포는 스스로 특화하는 주체가 아니라 '특화된' 대상이다. 그래서 수동 의미의 과거분사 specialized가 명사 brain cells를 수식하는 것이 맞다.,"And around 3/4 of that energy is expended on neurons, the specialized brain cells that communicate in vast networks",high
2019-10월학평,2019년 10월 학평,2019,10,교육청,29,③,sends,O,sending,동사 자리와 준동사 자리,문장의 정동사는 uses이므로 주어 An individual neuron을 뒤에서 수식하는 현재분사 sending(능동) 자리,이 문장에는 정동사 uses가 따로 있어서 접속사 없이 sends를 또 정동사로 쓸 수 없다. 뉴런이 신호를 '보내는' 능동 관계이므로 주어 An individual neuron을 수식하는 현재분사 sending으로 고쳐야 한다.,An individual neuron sends a signal in the brain uses as much energy as a leg muscle cell running a marathon.,high
2019-10월학평,2019년 10월 학평,2019,10,교육청,29,④,at which,,,관계부사와 전치사+관계대명사,선행사 the efficiency + 전치사+관계대명사 at which + 완전한 절(it does this),'it does this at the efficiency'의 at the efficiency가 관계사로 바뀐 형태이다. 뒤에 완전한 절 it does this가 오므로 전치사+관계대명사 at which가 맞다.,it still outclasses any desktop computer both in terms of the calculations it can perform and the efficiency at which it does this.,high
2019-10월학평,2019년 10월 학평,2019,10,교육청,29,⑤,easily,,,형용사와 부사,as ~ as 원급 비교 안에서 동명사 recognizing and picking up(동작)을 수식하는 부사,as ~ as 사이의 말은 동명사 recognizing and picking up이 나타내는 동작의 방식을 수식한다. 따라서 형용사 easy가 아니라 부사 easily가 맞다.,capable of recognizing and picking up one of the chess pieces as easily as a typical three-year-old child can.,high
2020-수능,2020학년도 수능,2019,11,수능,29,①,rely,,,주어와 동사의 수일치,주어의 핵심어는 복수 명사 Speculations이고 about ~ art는 수식어구이므로 복수 동사 rely,주어의 핵심어가 복수 명사 Speculations이고 about the meaning and purpose of prehistoric art는 이를 꾸미는 전치사구일 뿐이다. 따라서 복수 동사 rely가 맞다.,Speculations about the meaning and purpose of prehistoric art rely heavily on analogies drawn with modern-day hunter-gatherer societies.,high
2020-수능,2020학년도 수능,2019,11,수능,29,②,as,,,접속사와 전치사,뒤에 주어+동사(Steven Mithen emphasizes)가 오는 삽입절이므로 '~가 강조하듯이'의 접속사 as,as 뒤에 주어와 동사(Steven Mithen emphasizes)를 갖춘 절이 와서 '~가 강조하듯이'라는 뜻의 삽입절을 이끈다. 따라서 접속사 as가 맞다. 전치사 like는 이 자리에 쓸 수 없다.,"Such primitive societies, as Steven Mithen emphasizes in The Prehistory of the Modern Mind, tend to view man and beast",high
2020-수능,2020학년도 수능,2019,11,수능,29,③,which,,,관계대명사,선행사 anthropomorphism과 totemism을 받는 수량사+of+관계대명사(both of which). 절을 잇는 접속 기능이 필요하므로 them은 불가,콤마 앞뒤의 두 절을 이어 줄 접속 기능이 필요하고 선행사는 anthropomorphism과 totemism이다. 그래서 전치사 of의 목적어로 관계대명사 which를 쓴 것이 맞다. 대명사 them을 쓰면 접속사가 없어 비문이 된다.,"and totemism (the practice of regarding humans as animals), both of which spread through the visual art and the mythology of primitive cultures.",high
2020-수능,2020학년도 수능,2019,11,수능,29,④,inhabited,O,inhabiting,현재분사와 과거분사,명사 creatures를 뒤에서 꾸미는 분사 자리(정동사는 becomes). 생물이 세상에 '서식하는' 능동 관계이고 목적어 their world가 있으므로 과거분사 inhabited가 아닌 현재분사 inhabiting,주어는 the visual preoccupation ~ their world이고 정동사는 becomes이므로 inhabited는 정동사가 아니라 the nonhuman creatures를 꾸미는 분사 자리에 있다. 생물이 그들의 세상에 서식하는 능동 관계이고 타동사 inhabit의 목적어 their world가 뒤따른다. 과거분사 inhabited는 수동 의미여서 목적어를 둘 수 없으므로 현재분사 inhabiting으로 고쳐야 한다.,"When considered in this light, the visual preoccupation of early humans with the nonhuman creatures inhabited their world becomes profoundly meaningful.",high
2020-수능,2020학년도 수능,2019,11,수능,29,⑤,itself,,,재귀대명사,주어 an unlettered humanity와 전치사 upon의 목적어가 같은 대상이므로 재귀대명사 itself,곰곰이 생각하는 주체(an unlettered humanity)와 생각의 대상이 같다. 따라서 전치사 upon의 목적어로 재귀대명사 itself를 쓴 것이 맞다. 단수 명사 humanity를 받으므로 itself가 수도 맞는다.,"In the practice of totemism, he has suggested, an unlettered humanity “broods upon itself and its place in nature.”",high
2020-3월학평,2020년 3월 학평,2020,3,교육청,29,①,do,,,강조 구문,"동사를 강조하는 조동사 do(주어 they 복수, 현재시제) + 동사원형 have",that절의 주어 they가 복수이고 시제가 현재이므로 do가 동사원형 have 앞에서 '정말로 ~하다'라는 뜻으로 동사를 강조한다. 뒤에 원형 have가 왔으므로 맞다.,"When children are young, much of the work is demonstrating to them that they do have control.",high
2020-3월학평,2020년 3월 학평,2020,3,교육청,29,②,advises,,,주어와 동사의 수일치,주어 One wise friend(단수) + 관계절 who ~ years 삽입 → 단수 정동사 advises,문장의 주어는 One wise friend (of ours)이고 who was ~ twenty years는 주어를 꾸미는 관계절이다. 단수 주어에 맞춘 정동사 자리이므로 advises가 맞다(동명사 giving ~이 목적어).,One wise friend of ours who was a parent educator for twenty years advises giving calendars to preschool-age children,high
2020-3월학평,2020년 3월 학평,2020,3,교육청,29,③,cross,,,보어와 목적격보어,사역동사 have + 목적어(them) + 원형부정사(능동 관계) 목적격보어,사역동사 have의 목적어 them(아이들)이 직접 날짜를 지우는 능동 관계이므로 목적격보어로 원형부정사 cross가 온다. to cross나 crossed는 쓸 수 없다.,Have them cross off days of the week as you come to them.,high
2020-3월학평,2020년 3월 학평,2020,3,교육청,29,④,possible,,,형용사와 부사,wherever (it is) possible: 생략된 be동사의 보어 자리 → 형용사 possible,wherever possible은 wherever it is possible에서 '주어+be동사'가 생략된 관용 표현이다. 생략된 be동사의 보어 자리이므로 부사 possibly가 아니라 형용사 possible이 맞다.,"Spend time going over the schedule for the day, giving them choice in that schedule wherever possible.",high
2020-3월학평,2020년 3월 학평,2020,3,교육청,29,⑤,it,O,which,관계대명사,콤마 뒤에 접속사 없이 절이 이어짐 → 앞 절 전체를 받는 계속적 용법 관계대명사 which,콤마 앞뒤가 모두 완전한 절인데 둘을 이을 접속사가 없으므로 대명사 it을 쓰면 틀린다. 앞 절의 내용(스스로 중요한 일을 적어 넣는 것)을 선행사로 받으면서 helps의 주어 역할을 하는 계속적 용법의 관계대명사 which로 고쳐야 한다.,"children will then start to write in important things for themselves, it further helps them develop their sense of control.",high
2021-6월모평,2021학년도 6월 모평,2020,6,평가원,29,①,as,,,접속사와 전치사,뒤에 주어 these + 동사 serve의 완전한 절이 오므로 이유를 나타내는 부사절 접속사 as,"as 뒤에 'these serve as the basis ~'라는 주어+동사의 절이 이어지므로, as는 '~이기 때문에'라는 이유의 부사절 접속사로 어법상 맞다.",tend to be motivated to maintain self-focused agency or control as these serve as the basis of one’s self-worth.,high
2021-6월모평,2021학년도 6월 모평,2020,6,평가원,29,②,depending,O,depend,동사 자리와 준동사 자리,the belief를 설명하는 동격절 that 안에서 주어 individual successes(복수) 뒤 정동사 자리 → depend,"동격절 that 안에 주어 individual successes만 있고 정동사가 없으므로, 분사 depending이 아니라 복수 주어에 맞는 정동사 depend가 와야 한다. 주절은 부사구 With this form of agency가 앞으로 나간 도치 구조(comes the belief)다.",With this form of agency comes the belief that individual successes depending primarily on one’s own abilities and actions,high
2021-6월모평,2021학년도 6월 모평,2020,6,평가원,29,③,driven,,,능동태와 수동태,주어 The independent self가 '대처하도록 유도되는' 대상 → may be (more) driven to-v 수동태,독립적 자기는 대처하도록 '유도되는' 대상이므로 be동사 뒤에 과거분사 driven을 쓴 수동태가 맞다(be driven to-v: ~하도록 유도되다).,The independent self may be more driven to cope by appealing to a sense of agency or control.,high
2021-6월모평,2021학년도 6월 모평,2020,6,평가원,29,④,that,,,"명사절 접속사 that, whether, if",has shown의 목적어 명사절 + 뒤가 완전한 절(East Asians prefer ~) → 접속사 that,"that 뒤에 주어 East Asians와 동사 prefer를 갖춘 완전한 절이 오고, 이 절이 has shown의 목적어 역할을 하므로 명사절 접속사 that이 맞다.","Research has shown that East Asians prefer to receive, but not seek, more social support rather than seek personal control in certain cases.",high
2021-6월모평,2021학년도 6월 모평,2020,6,평가원,29,⑤,who,,,관계대명사,선행사 people(사람) + 관계절의 주어가 빠짐(who hold ~) → 주격 관계대명사 who,선행사 people을 꾸미는 관계절에서 주어 자리가 비어 있으므로 사람 선행사에 쓰는 주격 관계대명사 who가 맞다.,"Therefore, people who hold a more interdependent self-construal may prefer to cope in a way that promotes harmony in relationships.",high
2020-7월학평,2020년 7월 학평,2020,7,교육청,29,①,evaluate,,,병렬 구조,"and로 to stand와 (to) evaluate가 병렬됨. 두 번째 to부정사에서 to 생략, 원형 evaluate",Our ability를 꾸미는 to부정사구 to stand ...와 and로 이어진 (to) evaluate 자리이므로 원형 evaluate가 맞다. 주어 Our ability의 정동사는 뒤의 is다.,Our ability to stand high on a ladder above our normal thinking processes and evaluate why we are thinking as we are thinking,high
2020-7월학평,2020년 7월 학평,2020,7,교육청,29,②,because,,,접속사와 전치사,뒤에 주어(the most recently developed part...)+동사(enables)의 절이 옴 → 접속사 because (because of 아님),because 뒤에 주어 the ... part와 동사 enables를 갖춘 완전한 절이 오므로 접속사 because가 맞다.,"We have this ability because the most recently developed part of the human brain―the prefrontal cortex― enables self-reflective, abstract thought.",high
2020-7월학평,2020년 7월 학평,2020,7,교육청,29,③,ourselves,,,재귀대명사,절의 주어 we와 같은 대상을 가리키는 전치사 of의 목적어 → 재귀대명사 ourselves,as if절의 주어 we가 전치사 of의 목적어와 같은 대상이므로 재귀대명사 ourselves가 맞다.,We can think about ourselves as if we are not part of ourselves.,high
2020-7월학평,2020년 7월 학평,2020,7,교육청,29,④,lacking,O,lack,동사 자리와 준동사 자리,indicates의 목적어인 that절에 정동사가 없음. 주어 our closest cousins(복수) → 정동사 lack,that절의 주어 our closest cousins(동격 the chimpanzees) 뒤에 정동사가 없으므로 분사 lacking을 복수 동사 lack으로 고쳐야 한다.,"Research on primate behavior indicates that even our closest cousins, the chimpanzees, lacking this ability",high
2020-7월학평,2020년 7월 학평,2020,7,교육청,29,⑤,what,,,what과 that의 구분,"선행사 없이 thinking의 목적어절을 이끌고, 뒤 절 we are thinking은 목적어가 빠진 불완전한 절 → what",선행사가 없고 뒤 절 we are thinking에 목적어가 빠져 있다. 따라서 '~하는 것'을 뜻하며 명사절을 이끄는 관계대명사 what이 맞다.,"while it allows us to evaluate why we are thinking what we are thinking, it also puts us in touch with difficult existential questions",high
2021-9월모평,2021학년도 9월 모평,2020,9,평가원,29,①,which,O,where,관계부사와 전치사+관계대명사,뒤에 완전한 절(the best is recognized and the rest are overlooked)이 옴 → 관계대명사 which가 아니라 관계부사 where(=in which),which 뒤에 '주어+수동태 동사'를 갖춘 완전한 절 두 개가 and로 이어진다. 그래서 관계대명사 which는 쓸 수 없다. performance showcases를 수식하는 관계부사 where(또는 in which)로 고쳐야 한다.,Competitive activities can be more than just performance showcases which the best is recognized and the rest are overlooked.,high
2021-9월모평,2021학년도 9월 모평,2020,9,평가원,29,②,is,,,주어와 동사의 수일치,"주어 핵심어 The provision(단수), of~performance는 수식어 → 단수동사 is","주어의 핵심 명사는 단수인 provision이다. of timely, constructive feedback to participants on performance는 이를 꾸미는 수식어일 뿐이므로 단수동사 is가 맞다.","The provision of timely, constructive feedback to participants on performance is an asset that some competitions and contests offer.",high
2021-9월모평,2021학년도 9월 모평,2020,9,평가원,29,③,necessarily,,,형용사와 부사,not necessarily(부분부정 '반드시 ~은 아닌') → 생략된 demonstrating을 수식하는 부사,"not necessarily와 excellence 사이에 demonstrating이 생략된 구조다. 생략된 동명사를 수식하는 자리이므로 부사 necessarily가 맞고, 부분부정의 뜻을 나타낸다.",can be interpreted as shifting the emphasis to demonstrating superior performance but not necessarily excellence.,high
2021-9월모평,2021학년도 9월 모평,2020,9,평가원,29,④,fostering,,,동명사,see A as B 구문에서 전치사 as의 목적어 → 동명사 fostering(목적어 a detrimental effect 동반),'~을 …으로 간주하다'라는 뜻의 see A as B에서 as는 전치사다. 전치사의 목적어 자리이고 뒤에 목적어 a detrimental effect가 이어지므로 동명사 fostering이 맞다.,The emphasis on superiority is what we typically see as fostering a detrimental effect of competition.,high
2021-9월모평,2021학년도 9월 모평,2020,9,평가원,29,⑤,do,,,대동사,앞의 일반동사구 win or place를 대신하는 대동사 do(선행사 those 복수 → do),do는 앞에 나온 일반동사 win or place를 대신하는 대동사다. 관계절의 선행사 those가 복수이므로 do가 맞다.,not only to the participant who does not win or place but also to those who do.,high
2020-10월학평,2020년 10월 학평,2020,10,교육청,29,①,where,,,관계부사와 전치사+관계대명사,선행사 situations + 관계부사 where + 완전한 절(all students develop positive identities),"선행사 real-life situations는 상황, 곧 추상적 장소를 나타낸다. 뒤에 주어(all students), 동사(develop), 목적어를 갖춘 완전한 절이 오므로 관계부사 where가 맞다.","cultural contexts, student interests, and real-life situations where all students develop positive identities as mathematics learners.",high
2020-10월학평,2020년 10월 학평,2020,10,교육청,29,②,helpless,,,보어와 목적격보어,render + 목적어(them) + 형용사 목적격보어(helpless),"render는 '~을 …한 상태로 만들다'라는 뜻의 5형식 동사로, 목적격보어 자리에 형용사가 온다. 그래서 형용사 helpless가 맞고 부사 helplessly는 쓸 수 없다.",Instruction in mathematics skills in isolation and devoid of student understandings and identities renders them helpless to benefit from explicit instruction.,high
2020-10월학평,2020년 10월 학평,2020,10,교육청,29,③,promoting,O,promote,동사 자리와 준동사 자리,주격 관계대명사 that절에 정동사가 필요함. 선행사 nonacademic factors가 복수이므로 promote,"that은 nonacademic factors를 선행사로 하는 주격 관계대명사이므로 관계절에 정동사가 있어야 한다. 그런데 분사 promoting만 있어서 틀렸고, 선행사가 복수이므로 promote로 고쳐야 한다. propose의 목적절에서 정동사는 must enhance이다.",incorporating culturally relevant pedagogy and consideration of nonacademic factors that promoting learning and mastery must enhance explicit instruction,high
2020-10월학평,2020년 10월 학평,2020,10,교육청,29,④,that,,,관계대명사,선행사 environments + 주격 관계대명사 that + 동사 encourage (주어가 빠진 불완전한 절),"that 뒤에 주어 없이 동사 encourage가 바로 온다. 따라서 선행사 environments를 받는 주격 관계대명사 that이 맞고, 복수 선행사에 맞춰 동사도 encourage로 수가 일치한다.","teachers play a critical role in developing environments that encourage student identities, agency, and independence",high
2020-10월학평,2020년 10월 학평,2020,10,교육청,29,⑤,to foster,,,to부정사,목적을 나타내는 부사적 용법의 to부정사 (~하기 위해),'더 깊고 의미 있는 학습을 기르기 위해'라는 목적을 나타내는 부사적 용법의 to부정사이다. 앞 절은 are able to make connections로 이미 완결되어 있으므로 to foster가 맞다.,are able to make connections with past learning experiences to foster deeper and more meaningful learning.,high
2021-수능,2021학년도 수능,2020,11,수능,29,①,associated,,,현재분사와 과거분사,명사 restrictions를 뒤에서 수식하는 분사: '~와 관련된'이라는 수동 의미이므로 과거분사(be associated with),"restrictions는 다른 사람을 대상으로 한 실험과 '관련되는' 대상이므로 수동 관계이고, 과거분사 associated가 맞다. (which are) associated with에서 관계사와 be동사가 생략된 형태로 볼 수 있다.","Scientists who experiment on themselves can, functionally if not legally, avoid the restrictions associated with experimenting on other people.",high
2021-수능,2021학년도 수능,2020,11,수능,29,②,it,,,대명사의 수와 격,devised의 목적어로 단수 명사 an experiment를 받는 단수 목적격 대명사 it,과학자가 '고안한' 것은 앞에 나온 an experiment(단수)이므로 단수 대명사 it이 맞다. hazards(복수)를 가리키는 것이 아니므로 them으로 바꿀 이유가 없다.,"nobody, presumably, is more aware of an experiment’s potential hazards than the scientist who devised it.",high
2021-수능,2021학년도 수능,2020,11,수능,29,③,deeply,,,형용사와 부사,2형식 동사 remains의 보어인 형용사 problematic을 수식하는 부사 deeply,"remains의 보어는 형용사 problematic이고, deeply는 그 형용사를 꾸미는 부사이므로 맞다. 보어 자리는 이미 problematic이 채우고 있으므로 형용사 deep을 쓸 이유가 없다.","Nonetheless, experimenting on oneself remains deeply problematic.",high
2021-수능,2021학년도 수능,2020,11,수능,29,④,does,,,주어와 동사의 수일치,동명사구 주어 knowing that it exists는 단수 취급 → 단수 동사 does,"세미콜론 뒤 절의 주어는 동명사구 knowing that it exists이고, 동명사구 주어는 단수로 취급하므로 정동사 does가 맞다. 여기서 does는 '하다'라는 뜻의 본동사다.",One obvious drawback is the danger involved; knowing that it exists does nothing to reduce it.,high
2021-수능,2021학년도 수능,2020,11,수능,29,⑤,what,O,whether,"명사절 접속사 that, whether, if",know의 목적어 명사절 + 뒤에 완전한 절 + 'typical or atypical'(~인지 아닌지) → whether(if),"what 뒤에는 불완전한 절이 와야 하는데, the subject’s responses are typical or atypical...은 완전한 절이다. 게다가 문맥상 '전형적인지 비전형적인지'를 뜻하므로 what을 whether로 고쳐야 한다.",there is no way to know what the subject’s responses are typical or atypical of the response of humans as a group.,high
2021-3월학평,2021년 3월 학평,2021,3,교육청,29,①,are,,,주어와 동사의 수일치,전치사구(부사구) At the simplest level이 문두에 와서 도치된 문장 → 진짜 주어 the occasional trips(복수)에 맞춰 복수동사 are,부사구 At the simplest level이 문두로 나가 주어와 동사의 자리가 바뀌었다. 동사 뒤의 진짜 주어는 복수 명사 the occasional trips이므로 복수동사 are가 맞다.,At the simplest level are the occasional trips made by individual !Kung and Dani to visit their individual trading partners,high
2021-3월학평,2021년 3월 학평,2021,3,교육청,29,②,Suggestive,,,보어와 목적격보어,be동사 were의 주격 보어(2형식) → 형용사 Suggestive (of ~). 보어가 문두로 나간 도치 구문(보어 + were + 주어)이며 부사 Suggestively는 올 수 없음,원래 어순은 The occasional markets ... were suggestive of our open-air markets and flea markets이다. be동사 were의 주격 보어인 형용사구 Suggestive of ~가 문두로 나가 '보어 + were + 주어' 순서로 도치되었다. 보어 자리이므로 부사가 아닌 형용사 Suggestive가 맞다.,Suggestive of our open-air markets and flea markets were the occasional markets at which Sio villagers living on the coast,high
2021-3월학평,2021년 3월 학평,2021,3,교육청,29,③,sat,,,동사 자리와 준동사 자리,"주어 Up to a few dozen people from each side의 정동사 자리 → 과거시제 정동사 sat (자동사 sit-sat-sat, 타동사 set과 구분)",문장에 다른 동사가 없으므로 주어 Up to a few dozen people from each side 뒤에는 정동사가 와야 한다. 과거 사실을 서술하는 흐름이므로 자동사 sit의 과거형 sat이 맞다. down in rows처럼 목적어 없이 쓰이므로 set이 아니라 sit이다.,Up to a few dozen people from each side sat down in rows facing each other.,high
2021-3월학평,2021년 3월 학평,2021,3,교육청,29,④,judging,O,judged,현재분사와 과거분사,명사(pots and coconuts)를 뒤에서 꾸미는 분사: 대상이 '(가치가 같다고) 판단되는' 것이므로 수동 의미의 과거분사 judged (judge O (to be) C의 수동태),judging은 a number of pots and coconuts를 뒤에서 꾸미는 분사다. 항아리와 코코넛은 식량 자루와 가치가 같다고 '판단되는' 대상이다. judge 뒤에 목적어 없이 보어 equivalent만 남아 있으므로 수동 의미의 과거분사 judged로 고쳐야 한다.,responded by offering a number of pots and coconuts judging equivalent in value to the bag of food.,high
2021-3월학평,2021년 3월 학평,2021,3,교육청,29,⑤,that,,,관계대명사,선행사 the islands + 목적어가 빠진 불완전한 절(they visited ___) → 목적격 관계대명사 that (관계부사 where 불가),"선행사는 the islands이고, 관계절 they visited에는 타동사 visited의 목적어가 빠져 있어 절이 불완전하다. 따라서 목적격 관계대명사 that이 맞다.","Trobriand Island canoe traders conducted similar markets on the islands that they visited, exchanging utilitarian goods",high
2021-4월학평,2021년 4월 학평,2021,4,교육청,29,①,that,,,지시대명사 that과 those,앞의 단수 명사 the depiction의 반복을 피하는 지시대명사 that (from A to B 대비),'사물의 묘사'에서 '추상적 개념의 묘사'로 옮겨 갔다는 대비이다. 앞에 나온 단수 명사 the depiction을 대신하므로 단수 지시대명사 that이 맞다.,"moving around 3500 BCE from pictographic to ideographic representations, from the depiction of objects to that of abstract notions.",high
2021-4월학평,2021년 4월 학평,2021,4,교육청,29,②,set,,,분사구문,의미상 주어 its symbols가 붙은 독립분사구문에서 symbols가 '배열되는' 수동 관계 → 과거분사 set,주절 주어(Sumerian cuneiform)와 다른 의미상 주어 its symbols가 앞에 놓인 독립분사구문이다. 기호들은 열에 '배열되는' 대상이므로 수동의 과거분사 set(set-set-set)이 맞다.,"Sumerian cuneiform was a linear writing system, its symbols usually set in columns, read from top to bottom and from left to right.",high
2021-4월학평,2021년 4월 학평,2021,4,교육청,29,③,themselves,,,재귀대명사,주어 objects와 organize의 목적어가 같은 대상 → 재귀대명사 themselves,사물들이 '스스로를' 가로나 세로로 정렬하지 않는다는 뜻이다. 주어 objects와 목적어가 같은 대상이므로 복수 재귀대명사 themselves가 맞다.,"the world is not a linear place, and objects do not organize themselves horizontally or vertically in real life.",high
2021-4월학평,2021년 4월 학평,2021,4,교육청,29,④,to follow,,,to부정사,수동태 were shaped and organized 뒤에서 목적(~을 따르도록)을 나타내는 부사적 용법 to부정사,문장의 정동사는 were (possibly) shaped and organized이다. 동굴 벽면을 '따르도록' 모양이 잡히고 배치되었다는 목적의 의미이므로 부사적 용법의 to follow가 맞다.,"Early rock paintings, thought to have been created for ritual purposes, were possibly shaped and organized to follow the walls of the cave,",high
2021-4월학평,2021년 4월 학평,2021,4,교육청,29,⑤,uniformly,O,uniform,보어와 목적격보어,So+보어+be동사+주어 도치(This expectation is so uniform that ~)에서 be동사의 주격보어 → 부사 아닌 형용사,"원래 어순은 This expectation is so uniform that ~이고, so ~ that 구문의 보어가 문두로 나가 주어와 동사가 도치된 형태이다. 밑줄 부분은 be동사 is의 주격보어이므로 부사 uniformly를 형용사 uniform으로 고쳐야 한다.","So uniformly is this expectation, indeed, that the odd exception is noteworthy, and generally established for a specific purpose.",high
2022-6월모평,2022학년도 6월 모평,2021,6,평가원,29,①,their,,,대명사의 수와 격,복수 명사 humans를 받는 소유격 대명사 their,가리키는 대상이 복수 명사 humans이고 뒤의 명사 first formal method를 꾸미므로 복수 소유격 their가 맞다.,Early astronomy provided information about when to plant crops and gave humans their first formal method of recording the passage of time.,high
2022-6월모평,2022학년도 6월 모평,2021,6,평가원,29,②,is,,,주어와 동사의 수일치,동격어구가 삽입된 단수 주어 Stonehenge와 동사 is의 수 일치,"주어는 Stonehenge이고 the 4,000-year-old ring of stones in southern Britain은 이를 부연하는 동격어구다. stones에 끌리지 않고 단수 동사 is를 쓰는 것이 맞다.","Stonehenge, the 4,000-year-old ring of stones in southern Britain, is perhaps the best-known monument to the discovery of regularity",high
2022-6월모평,2022학년도 6월 모평,2021,6,평가원,29,③,where,,,관계부사와 전치사+관계대명사,장소 선행사 the spots on the horizon + 완전한 절을 이끄는 관계부사 where,"뒤에 주어 the sun, 동사 rises가 갖춰진 완전한 절이 오고 선행사가 장소인 the spots on the horizon이므로 관계부사 where가 맞다.",The great markers of Stonehenge point to the spots on the horizon where the sun rises at the solstices and equinoxes,high
2022-6월모평,2022학년도 6월 모평,2021,6,평가원,29,④,been used,,,능동태와 수동태,조동사+완료 수동태 may have been used (be used to-v: ~하는 데 사용되다),"주어 The stones는 사람에 의해 사용되는 대상이므로 수동태가 맞고, have 뒤 완료 형태 been used와 목적을 나타내는 to predict가 이어지는 구조도 맞다.",The stones may even have been used to predict eclipses.,high
2022-6월모평,2022학년도 6월 모평,2021,6,평가원,29,⑤,discovers,O,discover,병렬 구조,and로 to see와 병렬 연결되는 to부정사의 동사원형 자리,the ability를 수식하는 to부정사 to see와 and로 대등하게 연결되어 (to) discover가 되어야 한다. 3인칭 단수 현재형 discovers는 정동사 형태이므로 틀리다.,the ability of the human mind to see behind immediate appearances and discovers deeper meanings in events.,high
2021-7월학평,2021년 7월 학평,2021,7,교육청,29,①,selectively,,,형용사와 부사,동사 expose를 꾸미는 자리이므로 부사 selectively,selectively는 동격 that절의 동사 expose를 꾸며 '선택적으로 노출시키다'라는 뜻이 된다. 동사를 꾸미는 자리에는 부사가 와야 하므로 맞는 표현이다.,The idea that people selectively expose themselves to news content has been around for a long time,high
2021-7월학평,2021년 7월 학평,2021,7,교육청,29,②,avoid,,,병렬 구조,says 뒤 목적어절에서 주어 people(복수)의 동사 seek out과 and로 병렬된 avoid,says (that) 절 안에서 주어 people의 동사 seek out과 avoid가 and로 이어진 병렬 구조이다. conforms는 관계절 안의 동사라서 avoid와 병렬이 아니다. 주어가 복수이므로 복수 현재형 avoid가 맞다.,people seek out information that conforms to their existing belief systems and avoid information that challenges those beliefs,high
2021-7월학평,2021년 7월 학평,2021,7,교육청,29,③,expressed,,,보어와 목적격보어,지각동사 see + 목적어 beliefs + 목적격보어 p.p.(신념이 '표현되는' 수동 관계),지각동사 see의 목적어 beliefs는 '표현하는' 주체가 아니라 '표현되는' 대상이다. 따라서 목적격보어로 과거분사 expressed가 맞다.,where they would likely see beliefs expressed counter to their own,high
2021-7월학평,2021년 7월 학평,2021,7,교육청,29,④,that,,,관계대명사,선행사 a source of news를 받는 주격 관계대명사 that + 주어가 빠진 불완전한 절(confirms ~),"that 뒤에 주어 없이 동사 confirms가 바로 오는 불완전한 절이 이어진다. 선행사 a source of news(단수)를 꾸미는 주격 관계대명사 that이 맞고, 단수 동사 confirms와도 수가 일치한다.",people can easily find a source of news that consistently confirms their own personal set of beliefs,high
2021-7월학평,2021년 7월 학평,2021,7,교육청,29,⑤,believes,O,believing,동사 자리와 준동사 자리,부대상황 'with + 목적어(each) + 분사' 구문이므로 정동사 believes가 아니라 현재분사 believing을 써야 함(each가 '믿는' 능동 관계),"이 문장의 정동사는 leads이고, 전치사 with 뒤에는 접속사 없이 '주어+정동사' 형태의 절이 올 수 없다. 'with + 명사 + 분사'의 부대상황 구문이며 each가 믿는 주체(능동)이므로 believes를 현재분사 believing으로 고쳐야 한다.",creating many different small groups of people with each strongly believes they are correct and everyone else is wrong,high
2022-9월모평,2022학년도 9월 모평,2021,9,평가원,29,①,is,,,주어와 동사의 수일치,주어의 핵심어 commonality(단수) → 단수동사 is (of interests는 수식어),주어 such commonality of interests의 핵심어는 단수명사 commonality입니다. 그래서 단수동사 is가 맞습니다. is rarely achieved는 '좀처럼 이루어지지 않는다'는 수동 의미로도 적절합니다.,"As far as communication between humans is concerned, such commonality of interests is rarely achieved; even a pregnant mother has reasons to mistrust",high
2022-9월모평,2022학년도 9월 모평,2021,9,평가원,29,②,it,,,대명사의 수와 격,it이 가리키는 대상은 A prey(단수). chase의 의미상 주어(predator)와 달라 재귀대명사를 쓰지 않음,쫓는 쪽은 a predator이고 쫓기는 쪽은 앞의 A prey입니다. 단수 명사 A prey를 받는 목적격 대명사 it이 맞습니다. 의미상 주어와 목적어가 다르므로 itself를 쓰지 않습니다.,A prey can convince a predator not to chase it.,high
2022-9월모평,2022학년도 9월 모평,2021,9,평가원,29,③,which,O,that,"명사절 접속사 that, whether, if",guarantees의 내용을 설명하는 동격절 → 뒤가 완전한 절이므로 관계대명사 which가 아니라 접속사 that,which 뒤의 절(those who receive the signal will be better off believing it)은 빠진 성분이 없는 완전한 절입니다. 이 절은 strong guarantees의 내용을 풀어 주는 동격절이므로 관계대명사 which를 동격 접속사 that으로 고쳐야 합니다.,"for such communication to occur, there must be strong guarantees which those who receive the signal will be better off believing it.",high
2022-9월모평,2022학년도 9월 모평,2021,9,평가원,29,④,honest,,,보어와 목적격보어,keep+O+C(형용사)의 수동태 be kept+형용사 보어 → 부사 honestly가 아니라 형용사 honest,능동태 keep the messages honest(5형식)를 수동태로 바꾼 문장입니다. 목적격보어였던 형용사 honest가 be kept 뒤에 그대로 남으므로 형용사가 맞습니다.,"The messages have to be kept, on the whole, honest.",high
2022-9월모평,2022학년도 9월 모평,2021,9,평가원,29,⑤,communicated,,,현재분사와 과거분사,수식받는 information은 '전달되는' 대상 → 수동 의미의 과거분사 communicated,information은 스스로 전달하는 것이 아니라 전달되는 대상입니다. 그래서 수동·완료 의미의 과거분사 communicated가 명사를 앞에서 꾸미는 것이 맞습니다.,honesty is maintained by a set of cognitive mechanisms that evaluate communicated information.,high
2021-10월학평,2021년 10월 학평,2021,10,교육청,29,①,where,,,관계부사와 전치사+관계대명사,선행사 examples(사례·상황) + 관계부사 where + 완전한 절(popular songs become ~ and are adopted ~),"where 뒤에 주어 popular songs와 동사 become, are adopted가 모두 있는 완전한 절이 오므로 관계부사 where가 맞다. 선행사 examples는 장소가 아니지만 '그런 일이 일어나는 사례·상황'을 가리키므로 where로 받을 수 있다.",has produced a number of examples where popular songs become synonymous with the club and are enthusiastically adopted by the fans,high
2021-10월학평,2021년 10월 학평,2021,10,교육청,29,②,approached,O,approaching,현재분사와 과거분사,명사 something을 뒤에서 꾸미는 분사. 목적어 a local art form을 취하는 능동 관계이므로 현재분사 approaching,approach는 타동사이고 뒤에 목적어 a local art form이 있다. something이 지역 예술 형식에 '근접하는' 능동 관계이므로 현재분사 approaching이 와야 한다. 과거분사 approached는 수동 의미여서 뒤에 목적어를 둘 수 없다.,"according to Desmond Morris, have ‘reached the level of something approached a local art form’",high
2021-10월학평,2021년 10월 학평,2021,10,교육청,29,③,is,,,주어와 동사의 수일치,주어의 핵심어는 A strong element(단수)이고 of the appeal of such sports songs는 수식어구이므로 단수동사 is,문장의 주어는 of 전치사구의 수식을 받는 A strong element(단수)이므로 단수동사 is가 맞다. 바로 앞의 songs(복수)는 전치사구 안의 명사라서 동사의 수에 영향을 주지 않는다.,A strong element of the appeal of such sports songs is that they feature ‘memorable and easily sung choruses in which fans can participate’,high
2021-10월학평,2021년 10월 학평,2021,10,교육청,29,④,as,,,접속사와 전치사,이유의 접속사 as(~ 때문에) + 완전한 절(it makes the fans’ presence more tangible),as 뒤에 주어 it과 동사 makes를 갖춘 완전한 절이 오므로 '~ 때문에'라는 뜻의 접속사 as가 맞다. 절을 이끌어야 하므로 because of 같은 전치사는 올 수 없다.,This is a vital part of the team’s performance as it makes the fans’ presence more tangible.,high
2021-10월학평,2021년 10월 학평,2021,10,교육청,29,⑤,to display,,,to부정사,be said to-v(~라고 말해지다): say의 수동 구문 뒤에 to부정사,'~한다고 말해진다'는 뜻의 be said to-v 구문이므로 to부정사 to display가 맞다. 능동문으로 바꾸면 People say that this form of popular culture displays ~가 된다.,This form of popular culture can be said to display pleasure and emotional excess in contrast to the dominant culture,high
2022-수능,2022학년도 수능,2021,11,수능,29,①,producing,,,분사구문,주절(its mother cell divides)에 이어 결과를 나타내는 분사구문. 모세포가 딸세포를 '만들어 내는' 능동 관계 → 현재분사 producing,"주절에 이미 정동사 divides가 있으므로, 이어지는 결과는 분사구문으로 나타낸다. 모세포가 두 딸세포를 만들어 내는 능동 관계이므로 현재분사 producing이 맞다.","A cell is “born” as a twin when its mother cell divides, producing two daughter cells.",high
2022-수능,2022학년도 수능,2021,11,수능,29,②,was,,,대동사,"as large as the mother cell was (large): 보어 large가 생략된 be동사 대동사, 분열 전 모세포의 상태이므로 과거형",as ~ as 비교 구문에서 비교 대상은 모세포가 (분열 전에) 컸던 상태이다. 그래서 반복되는 large를 생략한 be동사 was가 맞다. 모세포가 '커진' 것이 아니라 '컸던' 것이므로 did(=became)는 올 수 없다.,each grows until it becomes as large as the mother cell was.,high
2022-수능,2022학년도 수능,2021,11,수능,29,③,differentiates,,,병렬 구조,"as절 주어 it(세포)의 동사 prepares / matures / differentiates 병렬, 3인칭 단수 현재형",as절의 주어 it(세포)에 대해 either prepares ~ or matures and differentiates ~가 정동사로 병렬 연결된다. 따라서 3인칭 단수 현재형 differentiates가 맞다. differentiate into는 자동사로 쓰여 수동태가 필요 없다.,its metabolism shifts as it either prepares to divide or matures and differentiates into a specialized cell.,high
2022-수능,2022학년도 수능,2021,11,수능,29,④,What,O,That,what과 that의 구분,뒤에 완전한 절(cell metabolism and structure should be complex)이 오는 주어 명사절 → what이 아니라 명사절 접속사 That,"what 뒤에는 주어나 목적어 등이 빠진 불완전한 절이 와야 한다. 그런데 뒤 절은 주어, 동사, 보어를 모두 갖춘 완전한 절이다. 따라서 문장의 주어가 되는 명사절을 이끄는 접속사 That으로 고쳐야 한다.","What cell metabolism and structure should be complex would not be surprising, but actually, they are rather simple and logical.",high
2022-수능,2022학년도 수능,2021,11,수능,29,⑤,responsible,,,분사구문,each (being) responsible for ~: 의미상 주어 each가 있는 독립분사구문에서 being이 생략되어 형용사 보어만 남음,"주절 뒤에 each가 의미상 주어인 독립분사구문이 이어지며, being이 생략된 형태이다. being의 보어 자리이므로 부사가 아닌 형용사 responsible이 맞다. 정동사 is를 넣으면 접속사 없이 두 절이 이어지게 된다.","Even the most complex cell has only a small number of parts, each responsible for a distinct, well-defined aspect of cell life.",high
2022-3월학평,2022년 3월 학평,2022,3,교육청,29,①,has it,,,도치,부정어 nor가 절 앞에 오면 '조동사(has)+주어(it)+p.p.' 어순으로 도치,부정의 접속사 nor가 절을 이끌면 주어와 조동사가 도치되므로 nor has it survived가 맞다. it은 ancient Greek music(단수)을 가리키고 현재완료 has survived를 유지한다.,"because there are no examples of it in written or notated form, nor has it survived in oral tradition.",high
2022-3월학평,2022년 3월 학평,2022,3,교육청,29,②,as,O,than,비교 구문,앞에 비교급 more가 있으므로 more concerned with A than with B 구조로 than이 필요,"앞의 more concerned with writing ~과 짝을 이루는 비교 대상(with providing ~)을 연결해야 하므로 as가 아니라 than을 써야 한다. 바로 앞의 as a philosophical ~의 as는 '~로서'라는 뜻의 전치사로, 밑줄 친 부분이 아니다.",who were generally more concerned with writing about music as a philosophical and ethical exercise as with providing a technical primer on its practice,high
2022-3월학평,2022년 3월 학평,2022,3,교육청,29,③,consisting,,,분사구문,"정동사 was가 이미 있음 → 준동사 자리이고, consist of는 자동사라 수동 불가 → 현재분사 consisting",절에 정동사 was가 이미 있으므로 a vocal form을 부연 설명하는 분사(구문) 자리이다. consist of는 수동태로 쓸 수 없는 자동사이므로 현재분사 consisting이 맞다.,"It seems Greek music was predominantly a vocal form, consisting of sung verse accompanied by instruments such as the lyre",high
2022-3월학평,2022년 3월 학평,2022,3,교육청,29,④,to be,,,보어와 목적격보어,consider + 목적어(music ~ song) + to be + 형용사 보어: 5형식 목적격보어로 to부정사,consider는 'consider O (to be) C' 형태의 5형식으로 쓰인다. 긴 목적어 music in which ~ song 뒤에 목적격보어 to be exceedingly coarse and tasteless가 와야 하므로 맞다.,music in which the lyre and flute played alone and not as the accompaniment of dance or song to be ‘exceedingly coarse and tasteless’,high
2022-3월학평,2022년 3월 학평,2022,3,교육청,29,⑤,generally,,,형용사와 부사,동사 span을 수식하는 자리 → 부사 generally,since절의 주어 the instruments와 동사 span 사이에서 동사를 수식하므로 부사 generally가 맞다.,"The melodies seem to have had a very limited pitch range, since the instruments generally span only an octave",high
2022-4월학평,2022년 4월 학평,2022,4,교육청,29,①,to compete,,,가주어와 가목적어 it,make + 가목적어 it + 목적격보어 harder + for 의미상 주어 + 진목적어 to부정사,"making 뒤의 it은 가목적어이고, 진목적어는 for new players(의미상 주어) 뒤의 to부정사구다. 따라서 to compete가 맞다.",a subsidy making it harder for new players to compete with them,high
2022-4월학평,2022년 4월 학평,2022,4,교육청,29,②,dominantly,O,dominant,형용사와 부사,how + 형용사 + 주어 + become: 2형식 동사 become의 주격보어는 형용사,how 뒤 표현은 a company may become ___의 보어 자리가 앞으로 나간 것이다. become은 2형식 동사라 보어로 형용사가 와야 하므로 부사 dominantly를 형용사 dominant로 고쳐야 한다.,the government has no say in how dominantly a company may become in its industry,high
2022-4월학평,2022년 4월 학평,2022,4,교육청,29,③,favoring,,,현재분사와 과거분사,명사 수식 분사: regulations 등이 anybody를 '편드는' 능동 관계이고 뒤에 목적어가 있으므로 현재분사,"taxes, tariffs, subsidies, or regulations가 누군가를 편드는 능동 관계이고 뒤에 목적어 anybody가 있다. 따라서 앞 명사를 뒤에서 꾸미는 현재분사 favoring이 맞다. 문장의 정동사는 doesn’t have이므로 준동사 자리이기도 하다.","a capitalist society doesn’t have rights-violating taxes, tariffs, subsidies, or regulations favoring anybody nor does it have antitrust laws",high
2022-4월학평,2022년 4월 학평,2022,4,교육청,29,④,what,,,what과 that의 구분,선행사 없이 전치사 at의 목적어 역할 + doing의 목적어가 빠진 불완전한 절 → 관계대명사 what,"전치사 at 뒤에 선행사가 없고, you’re doing은 doing의 목적어가 빠진 불완전한 절이다. 따라서 선행사를 포함하는 관계대명사 what('~하는 것')이 맞다.",dominance can only be achieved by becoming really good at what you’re doing,high
2022-4월학평,2022년 4월 학평,2022,4,교육청,29,⑤,that,,,"명사절 접속사 that, whether, if",추상명사 a sign + 동격의 접속사 that + 완전한 절(there is money ...),"that 뒤에 there is money to be made라는 완전한 절이 오고, 이 절이 a sign의 내용을 설명한다. 따라서 동격 명사절을 이끄는 접속사 that이 맞다.",sees your dominance and profits as a sign that there is money to be made by others as well,high
2023-6월모평,2023학년도 6월 모평,2022,6,평가원,29,①,those,,,지시대명사 that과 those,앞의 복수 명사 the communities and interactions (of organisms)의 반복을 피하는 복수 지시대명사 those,those는 앞에 나온 복수 명사 the communities and interactions of organisms를 대신한다. 뒤에 in the canopy ~ 수식어가 붙어 '열대 우림 덮개 속의 그것들'이라는 뜻이 되므로 복수형 those가 맞다.,the communities and interactions of organisms in your mouth or those in the canopy of a rain forest to all those in Earth’s oceans,high
2023-6월모평,2023학년도 6월 모평,2022,6,평가원,29,②,governing,,,현재분사와 과거분사,"명사 The processes를 뒤에서 수식하는 현재분사(능동, 목적어 them 있음). 정동사 differ가 따로 있으므로 준동사 자리","문장의 정동사는 differ이므로 이 자리는 준동사 자리다. 과정이 생태계(them)를 '지배하는' 능동 관계이고 뒤에 목적어 them이 있으므로, The processes를 수식하는 현재분사 governing이 맞다.",The processes governing them differ in complexity and speed.,high
2023-6월모평,2023학년도 6월 모평,2022,6,평가원,29,③,which,O,whose,관계대명사,선행사 others(=systems)와 뒤의 명사 rhythmic time이 소유 관계이고 관계절이 완전함 → 소유격 관계대명사 whose,관계절 rhythmic time extends to hundreds of years는 주어와 동사를 모두 갖춘 완전한 절이라 주격·목적격 which가 들어갈 수 없다. '그것들(other systems)의 규칙적 순환 시간'이라는 소유 관계이므로 whose로 고쳐야 한다.,there are others which rhythmic time extends to hundreds of years,high
2023-6월모평,2023학년도 6월 모평,2022,6,평가원,29,④,being,,,분사구문,의미상 주어 other things가 앞에 붙은 독립분사구문(other things being equal: 다른 조건이 같다면),"주절 주어(the sum)와 다른 의미상 주어 other things를 앞에 둔 독립분사구문이다. '다른 조건이 같다면'이라는 조건을 나타내며, 접속사 없이 두 번째 정동사가 올 수 없으므로 분사 being이 맞다.","will typically be found to be lower than the productivity of the whole, other things being equal",high
2023-6월모평,2023학년도 6월 모평,2022,6,평가원,29,⑤,to survive,,,보어와 목적격보어,enable + 목적어 + to부정사 (5형식 목적격보어),enable은 'enable + 목적어 + to-v' 구조를 취하는 5형식 동사다. 따라서 목적어 migratory species 뒤에 목적격보어로 쓴 to survive가 맞다.,"Safe passages, for example, enable migratory species to survive.",high
2022-7월학평,2022년 7월 학평,2022,7,교육청,29,①,that,,,관계대명사,선행사 a chart + 주어가 빠진 불완전한 절(shows ~)을 이끄는 주격 관계대명사 that,선행사 a chart가 있고 뒤 절에 주어가 없어 shows로 바로 이어지므로 주격 관계대명사 that이 맞다. 선행사가 있으므로 what은 쓸 수 없다.,It helps the researcher to represent their data in a chart that shows the relative size of a response on one scale for interrelated variables.,high
2022-7월학평,2022년 7월 학평,2022,7,교육청,29,②,creating,,,분사구문,콤마 뒤에서 결과를 나타내는 능동 분사구문(변수들이 차트에 걸쳐 거미줄을 '만들어 냄'),앞 절의 내용(변수들이 차트에 걸쳐 그려지는 것)이 거미줄을 만들어 내는 결과를 덧붙이는 분사구문이다. 거미줄을 '만드는' 능동 관계이고 목적어 a spider web이 뒤에 있으므로 현재분사 creating이 맞다.,"The spider chart is drawn with the variables spanning the chart, creating a spider web.",high
2022-7월학평,2022년 7월 학평,2022,7,교육청,29,③,have taught,O,taught,동사 자리와 준동사 자리,문장의 정동사는 is seen이 이미 있음 → subjects를 뒤에서 수식하는 수동 의미의 과거분사 taught 자리,"이 문장의 정동사는 An example of this is seen의 is seen이고, 접속사나 관계사 없이 또 다른 정동사 have taught가 올 수 없다. 과목들(subjects)은 '가르쳐지는' 대상이므로 수동 의미의 과거분사 taught로 고쳐 subjects를 뒤에서 수식해야 한다.",seen in a research study looking at self-reported confidence in year 7 students across a range of subjects have taught in their first term,high
2022-7월학평,2022년 7월 학평,2022,7,교육청,29,④,calculates,,,병렬 구조,주어 The researcher(3인칭 단수)의 정동사 takes와 and로 병렬 연결된 calculates,and를 사이에 두고 앞의 정동사 takes와 병렬을 이루는 정동사 자리이다. 주어가 3인칭 단수 The researcher이고 현재시제이므로 calculates가 맞다.,The researcher takes the responses from a sample group and calculates the mean to plot on the spider chart.,high
2022-7월학평,2022년 7월 학평,2022,7,교육청,29,⑤,to elicit,,,to부정사,'~하기 위해'라는 목적을 나타내는 부사적 용법의 to부정사,"수동태 문장(can be broken down)이 이미 완결되어 있고, 뒤에서 '추가 분석을 이끌어 내기 위해'라는 목적을 나타내므로 부사적 용법의 to부정사 to elicit이 맞다.","The chart, like the pie chart, can then be broken down for different groups of students within the study to elicit further analysis of findings.",high
2023-9월모평,2023학년도 9월 모평,2022,9,평가원,29,①,be evaluated,,,능동태와 수동태,주격 관계사 that의 선행사 several actions가 evaluate(평가하다)의 대상 → 조동사 may + be p.p. 수동태,관계절의 주어(선행사) several actions는 '평가되는' 대상이므로 수동태 may be evaluated가 맞다. 뒤에 목적어 없이 as right or wrong이 이어지는 것도 수동 구조와 맞는다.,"choose from among several actions that may be evaluated as right or wrong, ethical or unethical",high
2023-9월모평,2023학년도 9월 모평,2022,9,평가원,29,②,Learn,O,Learning,동사 자리와 준동사 자리,"문장의 정동사는 requires이므로 주어 자리에는 동사원형 Learn이 올 수 없고, 동명사 Learning(단수 취급)이 와야 함","Learn ~ a decision이 주어부이고 requires가 이 문장의 정동사이다. 동사원형은 주어가 될 수 없으므로 동명사 Learning(또는 To learn)으로 고쳐야 하며, 동명사 주어는 단수라 requires와도 맞는다.",Learn how to choose from alternatives and make a decision requires not only good personal values,high
2023-9월모평,2023학년도 9월 모평,2022,9,평가원,29,③,have,,,병렬 구조,when to rely on ~ or (to) have ~: 의문사+to부정사의 to 뒤 동사원형 rely와 have가 or로 병렬,have는 or를 사이에 두고 rely on과 나란히 when to 뒤에 이어지는 동사원형이다. 따라서 동사원형 have가 맞다.,Employees also need to know when to rely on their organizations’ policies and codes of ethics or have discussions with co-workers,high
2023-9월모평,2023학년도 9월 모평,2022,9,평가원,29,④,that,,,관계대명사,선행사 gray areas + 주어가 빠진 불완전한 절(create dilemmas) → 주격 관계대명사 that,"that 뒤 절에 create의 주어가 없으므로, 앞의 gray areas를 수식하는 주격 관계대명사 that이 맞다. 복수 선행사에 맞춰 동사도 create로 쓰였다.","there are always gray areas that create dilemmas, no matter how decisions are made",high
2023-9월모평,2023학년도 9월 모평,2022,9,평가원,29,⑤,whether,,,"명사절 접속사 that, whether, if","whether + to부정사(~할지 말지)가 decide의 목적어인 명사구 역할, if는 to부정사와 결합 불가",'whether to ask'는 '지침을 요청할지 말지'라는 뜻의 명사구로 decide의 목적어 역할을 하므로 맞다. if는 to부정사와 함께 쓸 수 없으므로 whether만 가능하다.,evaluate the ethics of his or her choice and decide whether to ask for guidance,high
2022-10월학평,2022년 10월 학평,2022,10,교육청,29,①,was,,,주어와 동사의 수일치,주어 핵심어 The idea(단수) + 동격 that절(복수명사 traits/nonleaders 포함) → 단수동사 was,"문장의 주어는 동격 that절의 수식을 받는 The idea(단수)이므로, 바로 앞의 복수명사 nonleaders에 끌리지 않고 단수동사 was를 쓰는 것이 맞다.","The idea that leaders inherently possess certain physical, intellectual, or personality traits that distinguish them from nonleaders was the foundational belief",high
2022-10월학평,2022년 10월 학평,2022,10,교육청,29,②,them,,,대명사의 수와 격,"allow의 목적어 them = some individuals(복수), 관계절 주어 the traits와 다른 대상이므로 재귀대명사 아님","them은 복수명사 some individuals를 가리키고, allow의 주어(관계사 that = the traits)와 목적어가 서로 다른 대상이므로 재귀대명사가 아닌 목적격 them이 맞다.",Early trait theorists believed that some individuals are born with the traits that allow them to become great leaders.,high
2022-10월학평,2022년 10월 학평,2022,10,교육청,29,③,that,,,"명사절 접속사 that, whether, if","동격의 접속사 that: the argument = 뒤의 완전한 절 ""leaders are born, not made""",that 뒤에 주어(leaders)와 동사(are born)를 갖춘 완전한 절이 와서 the argument의 내용을 설명하므로 동격 명사절을 이끄는 접속사 that이 맞다.,"early research in this area often presented the widely stated argument that “leaders are born, not made.”",high
2022-10월학평,2022년 10월 학평,2022,10,교육청,29,④,referred,O,was referred,능동태와 수동태,refer to A as B의 수동태: what이 '~라고 불리는 것'으로 주어 → what was[is] referred to as B,관계대명사 what이 이끄는 절에서 what은 '위인론이라고 불리는' 대상(A)이므로 refer to A as B의 수동형 be referred to as가 필요하다. 따라서 referred를 was referred로 고쳐야 한다.,some of the earliest leadership studies were grounded in what referred to as the “great man” theory,high
2022-10월학평,2022년 10월 학평,2022,10,교육청,29,⑤,whether,,,"명사절 접속사 that, whether, if",whether A or B 양보 부사절(명사절이 아님): whether (they are) innate or learned에서 주어+be동사 생략,"'선천적이든 학습된 것이든'이라는 양보의 의미로 whether A or B 구문이 쓰였고, 주어와 be동사(they are)가 생략된 형태이므로 whether가 맞다(이 자리에 if는 쓸 수 없다).","there are many enduring qualities, whether innate or learned, that contribute to leadership potential.",high
2023-수능,2023학년도 수능,2022,11,수능,29,①,that,,,"명사절 접속사 that, whether, if",be동사 is의 보어 자리 명사절을 이끄는 접속사 that + 완전한 절(it constitutes ~),주어 The most common explanation 뒤 is의 보어로 명사절이 와야 한다. 뒤에 it(주어)+constitutes(동사)+목적어가 갖춰진 완전한 절이 이어지므로 명사절 접속사 that이 맞다(what은 불가).,The most common explanation offered by my informants as to why fashion is so appealing is that it constitutes a kind of theatrical costumery.,high
2023-수능,2023학년도 수능,2022,11,수능,29,②,them,O,themselves,재귀대명사,how절의 주어 people과 present의 목적어가 같은 대상이므로 재귀대명사 themselves,사람들이 세상에 '자기 자신'을 드러낸다는 뜻이므로 present의 목적어는 how절 주어 people과 같은 대상이다. 주어와 목적어가 같을 때는 재귀대명사를 써야 하므로 them을 themselves로 고쳐야 한다.,"Clothes are part of how people present them to the world, and fashion locates them in the present",high
2023-수능,2023학년도 수능,2022,11,수능,29,③,associated,,,현재분사와 과거분사,명사 meanings를 뒤에서 수식하는 분사. '연관되는' 수동 관계이므로 과거분사(be associated with),meanings는 특정 옷과 '연관되는' 대상이므로 수동 관계다. 그래서 meanings를 뒤에서 수식하는 과거분사 associated(= which are associated with)가 맞다.,enabling individuals to recreate the meanings associated with specific pieces of clothing.,high
2023-수능,2023학년도 수능,2022,11,수능,29,④,inexpensively,,,형용사와 부사,수동태 can be purchased의 과거분사 purchased를 수식하므로 부사,inexpensively는 수동태 동사구 can be purchased에서 과거분사 purchased를 수식해 '저렴하게 구매될 수 있다'는 뜻을 만든다. 동사(분사)를 수식하는 자리이므로 부사가 맞다.,"clothes can be inexpensively purchased while making it easy to convey notions of wealth, intellectual stature, relaxation",high
2023-수능,2023학년도 수능,2022,11,수능,29,⑤,opening up,,,분사구문,주절 주어 Fashion이 공간을 '여는' 능동 관계이므로 현재분사로 시작하는 분사구문,콤마 뒤는 주절에 부가 설명을 붙이는 분사구문이다. 의미상 주어 Fashion이 행동의 공간을 '여는' 능동 관계이고 목적어 space가 뒤따르므로 현재분사 opening up이 맞다.,"Fashion can also strengthen agency in various ways, opening up space for action.",high
2023-3월학평,2023년 3월 학평,2023,3,교육청,29,①,exclusively,,,형용사와 부사,동사구 could be found (in the Islamic world)를 수식하는 부사 exclusively (almost가 다시 부사를 수식),exclusively는 '오로지 ~에서만 발견될 수 있었다'는 뜻으로 동사구와 뒤의 전치사구를 꾸민다. 명사를 꾸미는 자리가 아니므로 부사가 맞다.,science on planet Earth could be found almost exclusively in the Islamic world,high
2023-3월학평,2023년 3월 학평,2023,3,교육청,29,②,it,,,대명사의 수와 격,전치사 to의 목적어로 단수 명사 our science today를 가리키는 단수 대명사 it,to 뒤의 it은 앞 절의 our science today(단수)를 가리킨다. 주어 this science와 다른 대상이므로 재귀대명사가 아니라 it이 맞다.,"This science was not exactly like our science today, but it was surely antecedent to it",high
2023-3월학평,2023년 3월 학평,2023,3,교육청,29,③,covering,,,동사 자리와 준동사 자리,문장의 정동사는 trained이므로 covering은 the cities를 뒤에서 꾸미는 준동사(현재분사) 자리이다. 도시들이 지역을 '포괄하는' 능동 관계이다.,주어 Great schools ~ Spain의 정동사는 trained이다. 따라서 밑줄 자리에는 정동사가 아니라 all the cities를 꾸미는 분사가 와야 한다. 도시들이 그 지역을 포괄하는 능동 관계이므로 현재분사 covering이 맞다.,Great schools in all the cities covering the Arabic Near East and Northern Africa (and even into Spain) trained generations of scholars,high
2023-3월학평,2023년 3월 학평,2023,3,교육청,29,④,owes,,,주어와 동사의 수일치,주어 핵심어 every word(단수) → 단수동사 owes. 전치사구와 관계절 that begins ~는 수식어이다.,주어의 핵심어는 every word이고 'every + 단수명사'는 단수로 받는다. in ~ lexicon과 that begins ~ 'al'은 수식어일 뿐이므로 단수동사 owes가 맞다.,Almost every word in the modern scientific lexicon that begins with the prefix “al” owes its origins to Islamic science,high
2023-3월학평,2023년 3월 학평,2023,3,교육청,29,⑤,that,O,what,what과 that의 구분,선행사가 없고 뒤 절(recognize ___ as science)에 목적어가 빠져 있다. 이 절이 동사 appeared의 주어인 명사절이 되어야 하므로 what이 필요하다.,"밑줄부터 science까지가 appeared의 주어인 명사절이다. 앞에 선행사가 없고, 절 안에서 recognize의 목적어가 빠진 불완전한 절이다. 그러므로 '~하는 것'을 뜻하는 관계대명사 what이 와야 한다. 접속사 that은 완전한 절을 이끌고 관계대명사 that은 선행사가 필요하므로 둘 다 쓸 수 없다.","before that we would today unmistakably recognize as science appeared in Europe—with Galileo, Kepler, and, a bit later, Newton",high
2023-4월학평,2023년 4월 학평,2023,4,교육청,29,①,rely,,,주어와 동사의 수일치,but 이하 절의 주어 핵심어 students(복수) → 복수 정동사 rely,"but 뒤 절의 주어는 developing music students(복수)이고 이 절에는 정동사가 따로 없으므로, 복수 정동사 rely가 맞다. developing은 students를 꾸미는 현재분사이다.","Advanced musicians are able to self-critique their performances, but developing music students rely on teachers to supply evaluative feedback.",high
2023-4월학평,2023년 4월 학평,2023,4,교육청,29,②,which,,,관계대명사,지시대명사 that(= the feedback)을 선행사로 하는 주격 관계대명사 which + 주어가 빠진 불완전한 절,"that은 앞의 feedback을 대신하는 지시대명사(보어)이고, which는 그것을 꾸미는 주격 관계대명사이다. 뒤에 주어 없이 expresses가 이어지는 불완전한 절이므로 which가 맞다.",The most constructive feedback is that which expresses the discrepancies between a student’s performance of a piece of music and an optimal version.,high
2023-4월학평,2023년 4월 학평,2023,4,교육청,29,③,whether,,,"명사절 접속사 that, whether, if",타동사 explored의 목적어 명사절을 이끄는 whether(~인지) + 완전한 절,whether가 이끄는 절은 '~인지 아닌지'를 뜻하며 have explored의 목적어 역할을 한다. 뒤에 주어(the feedback ~)와 동사(is ~ expressed)를 갖춘 완전한 절이 오므로 whether가 맞다.,Researchers also have explored whether the feedback of effective teachers is more often positively or negatively expressed,high
2023-4월학평,2023년 4월 학평,2023,4,교육청,29,④,motivated,O,motivating,현재분사와 과거분사,보어 자리 분사: 주어 positive comments가 학생에게 동기를 '부여하는' 능동 관계 → 현재분사 motivating,"긍정적인 의견은 학생들에게 동기를 부여하는 주체이므로, 보어 자리에는 능동·감정 유발의 의미인 현재분사 motivating을 써야 한다. 과거분사 motivated는 '동기를 부여받은'이라는 뜻이 되어 맞지 않는다.","One might intuitively think that positive comments are more motivated to students and, as a result, are more associated with effective teaching.",high
2023-4월학평,2023년 4월 학평,2023,4,교육청,29,⑤,likely,,,형용사와 부사,-ly로 끝나지만 부사로도 쓰이는 likely(아마도)가 형용사구 more helpful을 수식,"likely는 형용사와 부사로 모두 쓰인다. 여기서는 '아마도'라는 뜻의 부사로 보어인 형용사구 more helpful을 꾸미며, 보어는 more helpful이 맡고 있으므로 맞다.",Although positive feedback is likely more helpful with younger learners and in one-on-one instruction,high
2024-6월모평,2024학년도 6월 모평,2023,6,평가원,29,①,them,,,대명사의 수와 격,4형식 give의 간접목적어로 Dorothy and her three friends(복수)를 가리킴 → them. to give의 의미상 주어는 the Wizard이므로 themselves는 불가,"give는 간접목적어 them과 직접목적어 what they are missing을 취한다. them이 가리키는 대상은 복수인 Dorothy and her three friends이고, 주는 사람은 the Wizard라서 재귀대명사가 아닌 them이 맞다.",They do so because they expect the Wizard to give them what they are missing.,high
2024-6월모평,2024학년도 6월 모평,2023,6,평가원,29,②,to fulfill,,,to부정사,명사 the power를 뒤에서 수식하는 형용사적 용법 to부정사 (the power to-v),'소원을 이룰 힘'이라는 뜻으로 명사 power를 뒤에서 수식하는 to부정사이므로 to fulfill이 맞다.,"the wonderful (and wise) Wizard makes them aware that they, not he, always had the power to fulfill their wishes.",high
2024-6월모평,2024학년도 6월 모평,2023,6,평가원,29,③,being,O,are,동사 자리와 준동사 자리,"A, B, and C 형태의 복수 주어(각 명사 뒤에 목적격 관계대명사가 생략된 관계절) 뒤 정동사 자리 → being을 are로","주어 The courage ~, the intelligence ~, and the emotions ~ 뒤에 문장의 정동사가 없으므로 준동사 being은 쓸 수 없다. 주어가 and로 연결된 복수이므로 정동사 are로 고쳐야 한다. 'dreams of'는 관계절 안에 있고, of의 목적어는 생략된 관계대명사다.","The courage the Lion wants, the intelligence the Scarecrow longs for, and the emotions the Tin Man dreams of being attributes they already possess.",high
2024-6월모평,2024학년도 6월 모평,2023,6,평가원,29,④,in which,,,관계부사와 전치사+관계대명사,선행사 ways + 뒤에 완전한 절(they are already relating to others) → 전치사+관계대명사 in which,뒤의 절 they are already relating to others는 relate가 자동사로 쓰인 완전한 절이다. 따라서 관계대명사 which만으로는 안 되고 '~하는 방식으로'의 뜻을 나타내는 in which가 맞다.,They need to think about these attributes not as internal conditions but as positive ways in which they are already relating to others.,high
2024-6월모평,2024학년도 6월 모평,2023,6,평가원,29,⑤,motivated,,,현재분사와 과거분사,"명사 a journey를 뒤에서 수식, 여정이 기대에 의해 '동기 부여되는' 수동 관계 → 과거분사 motivated (뒤에 by 행위자)","a journey는 기대에 의해 동기 부여되는 대상이다. 수동 의미의 과거분사 motivated가 a journey를 수식하는 것이 맞고, 뒤의 by little more than an expectation도 이를 뒷받침한다.","didn’t they demonstrate those qualities on the journey to Oz, a journey motivated by little more than an expectation",high
2023-7월학평,2023년 7월 학평,2023,7,교육청,29,①,large,,,형용사와 부사,배수 비교 twice as ~ (as)에서 as 사이 품사는 앞 동사가 정한다. be동사 are의 주격보어 자리이므로 형용사 large가 맞다(부사 largely 불가).,관계절 whose brains are twice as large에서 large는 be동사 are 뒤 주격보어 자리에 있다. 보어가 필요하므로 형용사 large가 맞다.,"orangutans, gorillas, chimpanzees, and bonobos, whose brains are twice as large relative to their body weight.",high
2023-7월학평,2023년 7월 학평,2023,7,교육청,29,②,manipulate,,,병렬 구조,"help + 목적어 + 원형부정사(communicate)에서 and로 communicate with와 병렬되고, 둘이 목적어 their peers를 함께 받는다. 따라서 동사원형 manipulate가 맞다.","help는 목적격보어로 원형부정사나 to부정사를 쓴다. 여기서는 communicate with와 manipulate가 and로 이어져 their peers를 함께 목적어로 받으므로, communicate와 같은 원형 manipulate가 맞다.",the apes acquired their larger brains to help them communicate with and manipulate their peers.,high
2023-7월학평,2023년 7월 학평,2023,7,교육청,29,③,themselves,,,재귀대명사,as절의 주어 they(= the apes)와 recognize의 목적어가 같은 대상이므로 재귀대명사 themselves를 쓴다.,"거울 속에서 알아보는 대상이 주어 they(유인원) 자신이므로, 주어와 목적어가 같을 때 쓰는 재귀대명사 themselves가 맞다. them을 쓰면 다른 대상을 가리키게 된다.",exhibit a degree of consciousness as they can recognize themselves in a mirror.,high
2023-7월학평,2023년 7월 학평,2023,7,교육청,29,④,being,O,are,동사 자리와 준동사 자리,의문사절(why + S + V)에서 주어 orangutans(복수)의 정동사 자리다. 삽입된 관계절(who ~ neighbors) 뒤에 와야 하므로 are로 고친다.,"explain의 목적어인 why절의 주어는 orangutans이고, who seldom encounter their neighbors는 삽입된 관계절일 뿐이다. 이 절에 정동사가 없으므로 준동사 being은 쓸 수 없고 복수동사 are로 고쳐야 한다. Nor 때문에 도치된 것은 주절(does it explain)뿐이고 why절은 평서문 어순을 그대로 쓴다.","Nor does it explain why orangutans, who seldom encounter their neighbors, being so intelligent.",high
2023-7월학평,2023년 7월 학평,2023,7,교육청,29,⑤,that,,,관계대명사,"선행사 some other factor(must have been in play 때문에 떨어져 있음)를 받는 주격 관계대명사 that이고, 뒤에 주어가 빠진 불완전한 절(caused ~)이 온다. 뒤의 and which 절과 병렬된다.","that 뒤 절에는 caused의 주어가 없어 불완전하고, 떨어져 있는 선행사 some other factor를 꾸미므로 주격 관계대명사 that이 맞다. 뒤의 and which could ~도 같은 선행사를 받는 관계절로 병렬된다.",some other factor must have been in play that caused apes to become more intelligent in the first place,high
2024-9월모평,2024학년도 9월 모평,2023,9,평가원,29,①,do,,,보어와 목적격보어,help + 목적어(you) + 동사원형/to-v 목적격보어,help는 목적격보어로 동사원형과 to부정사를 모두 취한다. 따라서 help you 뒤의 동사원형 do는 맞다.,It can turn a threat into a challenge and can help you do your best under pressure.,high
2024-9월모평,2024학년도 9월 모평,2023,9,평가원,29,②,it,,,재귀대명사,transform의 목적어가 주어(동명사구 welcoming it)와 다른 대상(the stress)이므로 재귀대명사 itself가 아닌 it,"transform의 주어는 동명사구 welcoming it이고, 목적어는 앞의 단수 명사 the stress를 가리킨다. 주어와 목적어가 같은 대상이 아니므로 itself가 아니라 인칭대명사 it을 쓰는 것이 맞다.",Even when the stress doesn’t feel helpful―as in the case of anxiety―welcoming it can transform it into something that is helpful,high
2024-9월모평,2024학년도 9월 모평,2023,9,평가원,29,③,realizing,O,realize,동사 자리와 준동사 자리,When 부사절 뒤에 주절이 필요함 → 명령문을 이끄는 동사원형 realize,"When ~ quickening은 부사절이므로 뒤에 주절의 정동사가 와야 한다. 그런데 realizing은 준동사여서 문장에 정동사가 없다. 뒤 문장의 remind yourself, Remember처럼 명령문이 되도록 동사원형 realize로 고쳐야 한다.","When you feel your heart beating or your breath quickening, realizing that it is your body’s way of trying to give you more energy.",high
2024-9월모평,2024학년도 9월 모평,2023,9,평가원,29,④,that,,,"명사절 접속사 that, whether, if",remind + 목적어(yourself) + that절(완전한 절),"remind A that ~ 구문에서 that은 직접목적어인 명사절을 이끄는 접속사다. 뒤에 주어 the stress response, 동사 gives, 목적어를 모두 갖춘 완전한 절이 오므로 맞다.","If you notice tension in your body, remind yourself that the stress response gives you access to your strength.",high
2024-9월모평,2024학년도 9월 모평,2023,9,평가원,29,⑤,to go,,,가주어와 가목적어 it,"what it felt like to-v: it은 가주어, to go ~는 진주어 to부정사","what it felt like ~에서 it은 가주어이고, 진주어는 to부정사구 to go on your first date다. 따라서 to go는 맞다.",Sweaty palms? Remember what it felt like to go on your first date―palms sweat when you’re close to something you want.,high
2023-10월학평,2023년 10월 학평,2023,10,교육청,29,①,they,,,대명사의 수와 격,지칭 대상 patients(복수) → 복수 주격 대명사 they,"they는 앞의 복수명사 patients를 가리키며, 의문사절 what illness ~ 안에서 might have의 주어 자리이므로 복수 주격 they가 맞다.","He seemed able to determine what patients did for a living, or what illness they might have, simply by glancing in their direction.",high
2023-10월학평,2023년 10월 학평,2023,10,교육청,29,②,had walked,,,시제,주절 과거(concluded)보다 앞선 일 → 과거완료 had p.p.,환자가 골프장을 걸어온 일은 Bell이 결론을 내린(concluded) 과거 시점보다 먼저 일어난 일이므로 과거완료 had walked가 적절하다.,One time he concluded that a patient had walked across a golf course on the way to the doctor,high
2023-10월학평,2023년 10월 학평,2023,10,교육청,29,③,what,,,what과 that의 구분,선행사 없음 + call O C에서 목적어가 빠진 불완전한 절 → 관계대명사 what,"전치사 of의 목적어 역할을 하는 명사절을 이끌며, 앞에 선행사가 없고 뒤 절(he called ___ Bell's 'eerie trick')은 call의 목적어가 빠진 불완전한 절이므로 what이 맞다.",He filled up notebooks with examples of what he called Bell’s “eerie trick of spotting details.”,high
2023-10월학평,2023년 10월 학평,2023,10,교육청,29,④,famous,,,보어와 목적격보어,5형식 make + O(Arthur Conan Doyle) + 형용사 목적격보어 famous,made의 목적어 the young doctor(= Arthur Conan Doyle)의 상태를 설명하는 목적격보어 자리이므로 부사가 아닌 형용사 famous가 맞다.,"a character who made the young doctor, Arthur Conan Doyle, famous around the world.",high
2023-10월학평,2023년 10월 학평,2023,10,교육청,29,⑤,becoming,O,became,동사 자리와 준동사 자리,주어 the professor (+ 관계절 who made ~ seem 'elementary') 뒤 문장의 정동사 자리 → 과거시제 became,"주어 the professor 뒤의 who made ~ ""elementary""는 관계절이고 문장 전체에 정동사가 없으므로, 준동사 becoming을 정동사 became으로 고쳐야 한다.","And so the professor who made even the most complex diagnosis seem “elementary” becoming the inspiration for fiction’s greatest detective, Sherlock Holmes.",high
2024-수능,2024학년도 수능,2023,11,수능,29,①,seeming,,,분사구문,의미상 주어 infants와 능동 관계 → 현재분사로 시작하는 분사구문 (seem은 자동사라 수동 불가),"주절(infants will orient ~)에 이어지는 부대상황 분사구문이다. 의미상 주어인 유아가 '~인 것 같다'는 능동 관계이므로 현재분사 seeming이 맞고, seem은 자동사라 과거분사로 쓸 수 없다.","infants will orient preferentially towards the human face and voice, seeming to know that such stimuli are particularly meaningful for them",high
2024-수능,2024학년도 수능,2023,11,수능,29,②,which,O,with which,관계부사와 전치사+관계대명사,have difficulty with ~ → 관계절 뒤가 완전한 절이므로 전치사+관계대명사 with which,관계절 they have some difficulty는 difficulty가 목적어 자리를 채운 완전한 절이라 관계대명사 which만으로는 이어질 수 없다. 'have difficulty with gestures'의 전치사를 앞으로 보낸 with which가 와야 한다.,"They will even try to match gestures which they have some difficulty, experimenting with their own faces until they succeed.",high
2024-수능,2024학년도 수능,2023,11,수능,29,③,do,,,조동사,"동사를 강조하는 조동사 do + 동사원형 succeed (주어 they 복수, 현재시제 → do)",뒤에 동사원형 succeed가 있으므로 대동사가 아니라 동사를 강조하는 조동사 do다. 주어 they가 복수이고 현재시제이므로 do가 맞다.,"When they do succeed, they show pleasure by a brightening of their eyes; when they fail, they show distress.",high
2024-수능,2024학년도 수능,2023,11,수능,29,④,those,,,지시대명사 that과 those,앞의 복수명사 bodily movements의 반복을 피하는 지시대명사 those (of others 수식),those는 앞에 나온 복수명사 bodily movements를 대신하고 뒤의 of others의 수식을 받는다. 가리키는 대상이 복수이므로 that이 아니라 those가 맞다.,matching their own kinaesthetically experienced bodily movements with those of others that are visually perceived,high
2024-수능,2024학년도 수능,2023,11,수능,29,⑤,to be,,,보어와 목적격보어,judge + 목적어(whom = others) + to be 보어: 5형식 목적격보어 to부정사,"관계절 안에서 whom(=others)이 judge의 목적어이고, 'judge+목적어+to be+보어(~을 …라고 판단하다)' 구조다. 그래서 목적격보어 자리의 to be가 맞다.",they seem to have an innate drive to imitate others whom they judge to be ‘like me’.,high
2024-3월학평,2024년 3월 학평,2024,3,교육청,29,①,brings,,,주어와 동사의 수일치,동명사구 주어 Being “uprooted” from our home(단수) → 단수동사 brings,"주어는 동명사구 Being “uprooted” from our home이고, 동명사구 주어는 단수로 취급하므로 단수동사 brings가 맞다. 바로 앞의 our home에 끌려 수를 판단하지 않도록 주의한다.",Being “uprooted” from our home brings us understanding not only of the people and their culture in our new environment,high
2024-3월학평,2024년 3월 학평,2024,3,교육청,29,②,uniquely,,,형용사와 부사,find O OC(privileged) 구조에서 과거분사(형용사) privileged를 수식 → 부사 uniquely,"find ourselves privileged는 5형식이고, 목적격보어는 privileged다. uniquely는 보어가 아니라 privileged를 꾸미는 말이므로 부사 형태가 맞다.",we gradually find ourselves uniquely privileged to define ourselves and others anew with clarity and insight,high
2024-3월학평,2024년 3월 학평,2024,3,교육청,29,③,Adapting,,,동명사,정동사 is가 따로 있으므로 주어 자리에는 동명사 Adapting (원형 Adapt 불가),"이 문장의 정동사는 is이고, Adapting to a new and unfamiliar culture는 주어 역할을 하는 동명사구다. 그래서 동사원형이 아닌 동명사 Adapting이 맞다.","Adapting to a new and unfamiliar culture, then, is more than survival.",high
2024-3월학평,2024년 3월 학평,2024,3,교육청,29,④,which,O,into which,관계부사와 전치사+관계대명사,"관계절 we were born은 수동태로 완전한 절 → 관계대명사 which 불가, be born into ~의 전치사를 앞에 둔 into which",관계절 we were born은 빠진 성분이 없는 완전한 절이다. be born은 목적어를 취하지 않으므로 which를 목적어로 볼 수 없다. 선행사 the cultures는 원래 'we were born into the cultures'에서 나온 것이므로 전치사+관계대명사 into which(in which도 가능)로 고쳐야 한다.,The process does not require that we abandon our former personalities and the cultures which we were born.,high
2024-3월학평,2024년 3월 학평,2024,3,교육청,29,⑤,ourselves,,,재귀대명사,compel O to-v에서 to find의 의미상 주어 us(=we)와 목적어가 같음 → 재귀대명사 ourselves,"to find의 의미상 주어는 목적어 us(우리)이고, 찾는 대상도 우리 자신이다. 주어와 목적어가 같은 대상이므로 재귀대명사 ourselves가 맞다.","Rather, it compels us to find ourselves as if for the first time",high
2024-5월학평,2024년 5월 학평,2024,5,교육청,29,①,its,,,대명사의 수와 격,지칭 대상 a fungus species(단수) → 단수 소유격 its,its는 뒤에 나오는 주어 a fungus species(단수)를 가리키고 명사 struggle 앞에 오므로 단수 소유격 its가 맞다.,"Imagine that in its hourly struggle to survive over long periods of time and many generations, a fungus species might acquire a protective capsule",high
2024-5월학평,2024년 5월 학평,2024,5,교육청,29,②,whatever,,,what과 that의 구분,복합관계형용사 whatever + 명사(= any chemicals that): 선행사를 포함하고 뒤 절은 목적어가 빠진 불완전한 절,whatever chemicals는 survive의 목적어가 되는 명사절을 이끌며 '~하는 어떤 화학 물질이든'이라는 뜻이다. 뒤 절 other microbes might throw at it에 throw의 목적어가 빠져 있으므로 선행사를 포함하는 whatever가 맞다.,Then it acquires some enzymes that enable it to survive whatever chemicals other microbes might throw at it.,high
2024-5월학평,2024년 5월 학평,2024,5,교육청,29,③,used,,,현재분사와 과거분사,"명사 chemicals를 뒤에서 수식하는 분사, 화학 물질이 '사용되는' 수동 관계 → 과거분사 used",chemicals는 항진균제로 '사용되는' 대상이므로 수동의 의미인 과거분사 used가 뒤에서 수식하는 것이 맞다(= which are used).,it may also overcome the same or similar chemicals used as antifungal drugs.,high
2024-5월학평,2024년 5월 학평,2024,5,교육청,29,④,that,,,관계대명사,"선행사 a yeast를 수식하는 주격 관계대명사 that, but으로 앞 관계절 that once made와 병렬",but으로 앞의 관계절 that once made its home ~과 대등하게 이어진 두 번째 관계절이다. 선행사 a yeast를 받고 뒤에 주어 없이 can live가 오므로 주격 관계대명사 that이 맞다.,a yeast that once made its home in an apple tree or in a wetland but that at this point can live quite happily,high
2024-5월학평,2024년 5월 학평,2024,5,교육청,29,⑤,are,O,is,주어와 동사의 수일치,주격 관계대명사 who의 선행사 a hospital patient(단수) → 단수동사 is (has received와 or로 병렬),who가 이끄는 관계절의 동사는 선행사 a hospital patient(단수)와 수가 일치해야 한다. 따라서 or로 has recently received와 병렬된 동사도 단수인 is가 되어야 한다.,it finds a host in a hospital patient who has recently received an organ transplant or are elderly with a weakened immune system.,high
2025-6월모평,2025학년도 6월 모평,2024,6,평가원,29,①,leads,,,주어와 동사의 수일치,주어 핵심어 retrieval(단수·불가산) → 단수동사 leads,주어는 More difficult retrieval로 단수다. 그래서 단수 동사 leads가 맞다. 뒤의 provided는 '~라면'이라는 뜻의 조건 접속사다.,"More difficult retrieval leads to better learning, provided the act of retrieval is itself successful.",high
2025-6월모평,2025학년도 6월 모평,2024,6,평가원,29,②,give,O,are given,능동태와 수동태,관계절 in which의 주어 students는 힌트를 '받는' 쪽 → 수동태 are given (4형식 give의 간접목적어를 주어로 한 수동),in which 관계절에는 술어 동사가 필요하다. 문맥상 학생들은 힌트를 주는 쪽이 아니라 받는 쪽이므로 give를 수동태 are given으로 고쳐야 한다(students are given hints).,"than cued recall tests, in which students give hints about what they need to remember.",high
2025-6월모평,2025학년도 6월 모평,2024,6,평가원,29,③,where,,,관계부사와 전치사+관계대명사,선행사 recognition tests(상황·경우) + 뒤에 완전한 절 → 관계부사 where,"선행사는 recognition tests, such as multiple-choice answers다. 뒤의 절(the correct answer needs to be recognized ~)이 필수 성분을 모두 갖춘 완전한 절이므로 관계부사 where가 맞다.","recognition tests, such as multiple-choice answers, where the correct answer needs to be recognized but not generated.",high
2025-6월모평,2025학년도 6월 모평,2024,6,평가원,29,④,them,,,대명사의 수와 격,지칭 대상 answers(복수) → 복수 목적격 대명사 them,them은 앞의 복수 명사 answers를 가리키고 need의 목적어 자리에 있다. 그래서 복수 목적격 대명사 them이 맞다.,long enough so that answers aren't in mind when they need them.,high
2025-6월모평,2025학년도 6월 모평,2024,6,평가원,29,⑤,making,,,동명사,a barrier to의 to는 전치사 → 전치사의 목적어로 동명사 making (make + 목적어 + 원형 work),a barrier to(~에 대한 장애물)의 to는 to부정사가 아니라 전치사다. 그래서 목적어 자리에 동명사 making이 와야 맞다. making retrieval work는 사역동사 make + 목적어 + 동사원형 구조다.,"Difficulty, far from being a barrier to making retrieval work, may be part of the reason it does so.",high
2024-7월학평,2024년 7월 학평,2024,7,교육청,29,①,are,,,주어와 동사의 수일치,assume의 목적어절(that 생략)에서 주어 핵심어는 the people(복수)이고 with the most promise는 수식어구 → 복수동사 are,"assume 뒤 목적어절에서 접속사 that이 생략되어 있고, 그 절의 주어는 the people이다. 전치사구 with the most promise는 수식어일 뿐이므로 복수동사 are가 맞다.","In a world obsessed with innate talent, we assume the people with the most promise are the ones who stand out right away.",high
2024-7월학평,2024년 7월 학평,2024,7,교육청,29,②,where,,,"명사절 접속사 that, whether, if",tell의 목적어인 간접의문문(의문사 where + 주어 + 동사). 자동사 land로 끝나므로 뒤는 완전한 절,where는 '어디에 도착할지'라는 뜻의 의문사 명사절을 이끌어 tell의 목적어가 된다. 뒤의 people will land는 자동사 land로 끝나는 완전한 절이므로 적절하다.,You can’t tell where people will land from where they begin.,high
2024-7월학평,2024년 7월 학평,2024,7,교육청,29,③,to learn,,,to부정사,명사 opportunity and motivation을 뒤에서 수식하는 형용사적 용법의 to부정사,to learn은 앞의 명사 opportunity and motivation을 수식해 '학습할 기회와 동기'라는 뜻을 만든다. 형용사적 용법의 to부정사로 적절하다.,"With the right opportunity and motivation to learn, anyone can build the skills to achieve greater things.",high
2024-7월학평,2024년 7월 학평,2024,7,교육청,29,④,traveled,,,현재분사와 과거분사,명사 distance를 뒤에서 수식하는 과거분사. 거리는 '나아가지는' 대상이므로 수동 관계,distance는 사람이 나아간(travel의 목적어인) 대상이므로 수동 의미가 된다. 따라서 과거분사 traveled가 명사를 뒤에서 수식하는 것이 맞다.,We need to focus less on starting points and more on distance traveled.,high
2024-7월학평,2024년 7월 학평,2024,7,교육청,29,⑤,blooming,O,bloom,병렬 구조,"주격 관계대명사 who(선행사 Bachs, 복수)절의 정동사 ascend와 and로 병렬 → 복수형 동사 bloom (분사 blooming 불가)",who절의 동사 ascend와 등위접속사 and로 연결되어 관계절의 정동사 역할을 해야 한다. 따라서 분사 blooming이 아니라 복수 동사 bloom으로 고쳐야 한다.,"For every Mozart who makes a big splash early, there are multiple Bachs who ascend slowly and blooming late.",high
2025-9월모평,2025학년도 9월 모평,2024,9,평가원,29,①,employed,,,현재분사와 과거분사,명사 more people을 뒤에서 수식하는 분사: 사람이 '고용되는' 대상 → 과거분사 employed,"more people은 employ라는 동작을 받는 대상(사람들이 고용됨)이므로, more people을 뒤에서 수식하는 분사로 과거분사 employed가 맞다. have의 목적어 more people 뒤에서 수식어 역할을 하는 자리이다.","by 1850, the first nation to have more people employed in industry than in agriculture.",high
2025-9월모평,2025학년도 9월 모평,2024,9,평가원,29,②,evenly,,,형용사와 부사,수동태(was distributed)의 과거분사 distributed를 수식 → 부사 evenly,was not ___ distributed에서 빈칸은 과거분사 distributed를 수식하는 자리이므로 형용사 even이 아니라 부사 evenly가 맞다.,"Expanding trade ... brought great wealth to Britain, but this wealth was not evenly distributed.",high
2025-9월모평,2025학년도 9월 모평,2024,9,평가원,29,③,were,,,주어와 동사의 수일치,"주어 핵심어 sections(복수), 수식어 of the working class 무시 → 복수동사 were",but 이하 절의 주어는 large sections of the working class이고 핵심어가 복수 명사 sections이므로 복수형 동사 were가 맞다. 노동계급이 빈민가로 '내몰린' 것이므로 수동태 were forced도 적절하다.,but large sections of the working class were forced into the overcrowded slums of large cities where they worked long hours,high
2025-9월모평,2025학년도 9월 모평,2024,9,평가원,29,④,inspired,,,병렬 구조,주어 The manufacturing towns의 정동사 provided와 and로 병렬 연결되는 과거형 동사 inspired,"주어 The manufacturing towns에 대해 동사구 provided some of the worst examples와 and로 연결되는 두 번째 동사구가 필요하므로, provided와 같은 과거형 정동사 inspired가 맞다.",The manufacturing towns of the north of England provided some of the worst examples and inspired such socially conscious novels as,high
2025-9월모평,2025학년도 9월 모평,2024,9,평가원,29,⑤,whose,O,which (또는 that),관계대명사,"선행사 all the crime, evil, and misery + 관계절에서 주어가 빠진 불완전한 절(result가 동사) → 주격 관계대명사 which/that","관계절 ___ result from ~에서 result는 명사가 아니라 동사이므로 관계절에 주어가 없다. 따라서 소유격 whose가 아니라 선행사 all the crime, evil, and misery를 받아 주어 역할을 하는 주격 관계대명사 which 또는 that으로 고쳐야 한다.","showing all the crime, evil, and misery whose result from overpopulation and unplanned growth.",high
2024-10월학평,2024년 10월 학평,2024,10,교육청,29,①,loosely,,,형용사와 부사,수동형 과거분사 bound(be bound to)를 수식하는 자리 → 부사 loosely,loosely는 are bound to our sun의 과거분사 bound를 꾸며 '느슨하게 묶여 있다'는 뜻을 만든다. 분사(동사 성격)를 수식하므로 형용사 loose가 아니라 부사 loosely가 맞다.,some of which are only loosely bound to our sun because they reach almost halfway to the nearest star system,high
2024-10월학평,2024년 10월 학평,2024,10,교육청,29,②,last,O,lasting,동사 자리와 준동사 자리,정동사(will depend)가 이미 있고 접속사·관계사 없이 명사 hibernations를 뒤에서 수식 → 준동사(현재분사) lasting,문장의 정동사는 will depend이고 last 앞에 접속사나 관계대명사가 없으므로 last가 또 하나의 정동사로 올 수 없다. hibernations를 수식하는 현재분사 lasting(= that last)으로 고쳐야 한다. last는 '지속되다'라는 자동사여서 능동을 나타내는 -ing형을 쓴다.,"for maintaining sustainable environments, and for putting humans into hibernations last for centuries.",high
2024-10월학평,2024년 10월 학평,2024,10,교육청,29,③,to risk,,,to부정사,(be) willing to-v '기꺼이 ~하다': 형용사 willing의 보충어로 to부정사가 쓰임(groups를 후치 수식하는 형용사구),willing은 to부정사와 함께 'be willing to-v(기꺼이 ~하다)'로 쓰인다. 여기서는 groups (who are) willing to risk ~ 형태로 groups를 뒤에서 꾸미는 형용사구이므로 to risk가 맞다.,Interstellar journeys will also depend on the existence of groups willing to risk long and dangerous voyages with little or no hope of returning.,high
2024-10월학평,2024년 10월 학평,2024,10,교육청,29,④,traveling,,,현재분사와 과거분사,명사 spaceships를 뒤에서 수식하는 분사: 우주선이 '이동하는' 능동 관계 + 자동사 travel → 현재분사 traveling(It takes 사물+시간+to-v 구문),traveling은 spaceships를 뒤에서 꾸미는 현재분사다. 우주선이 직접 이동하는 능동 관계이고 travel은 자동사라서 과거분사 traveled는 올 수 없다. 문장의 정동사는 would take이므로 정동사 travel도 쓸 수 없다.,It would take spaceships traveling at 1 percent of the speed of light more than four hundred years to reach the Alpha Centauri system.,high
2024-10월학평,2024년 10월 학평,2024,10,교육청,29,⑤,which,,,관계대명사,"콤마 뒤 계속적 용법 관계대명사 which(that 불가), 선행사 one hundred million years(하나의 기간이라 단수) + 뒤에 주어가 빠진 불완전한 절","콤마 뒤에서 앞의 기간 one hundred million years를 받아 보충 설명하는 계속적 용법 관계대명사다. 뒤에 주어가 빠진 불완전한 절(is just a bit longer ~)이 오므로 which가 맞다. 계속적 용법에는 that을 쓸 수 없고, 1억 년이라는 하나의 기간이라 단수 동사 is를 쓴다.","they could settle star systems throughout the Milky Way within one hundred million years, which is just a bit longer than the span of time",high
2025-수능,2025학년도 수능,2024,11,수능,29,①,had,,,가정법,Imagine if + 가정법 과거(과거시제 had to): 현재 사실과 반대되는 상황 상상,실제로는 근육 하나하나를 의식하지 않는데 '만약 그래야 한다면'이라고 현재 사실과 반대로 상상하므로 가정법 과거형 had가 맞다. 이어지는 It would be tiresome도 가정법 귀결절과 호응한다.,Imagine if we had to consider every single muscle that needed to be contracted or relaxed just to stand up and walk.,high
2025-수능,2025학년도 수능,2024,11,수능,29,②,knows,O,know,주어와 동사의 수일치,"as절의 주어 핵심어 patients(복수), recovering ~ / affecting ~ 분사구는 수식어 → 복수동사 know",as절의 주어는 복수명사 patients이고 recovering from a brain injury affecting the motor system은 patients를 꾸미는 분사구일 뿐이다. 따라서 동사는 복수형 know가 되어야 한다. 바로 앞 단수명사 injury나 system에 끌려 단수동사를 고르면 틀린다.,It would be tiresome and very slow ― as patients recovering from a brain injury affecting the motor system knows.,high
2025-수능,2025학년도 수능,2024,11,수능,29,③,freeing,,,분사구문,"정동사 do가 이미 있는 절 뒤 콤마 + 능동 분사구문(v-ing), 의미상 주어 = autopilot parts",주절의 정동사 do가 이미 있으므로 콤마 뒤는 분사구문이다. 뇌의 자동 조종 부분이 의식을 '자유롭게 해 주는' 능동 관계이므로 현재분사 freeing이 맞다.,"The autopilot parts of our brain do it for us automatically, freeing up our conscious mind for more important jobs.",high
2025-수능,2025학년도 수능,2024,11,수능,29,④,that,,,강조 구문,It is + 강조어구(the older parts of our brain) + that + 나머지 절: It ~ that 강조구문,"주어 the older parts of our brain을 It is와 that 사이에 넣어 강조한 구문이다. that 뒤에 주어가 빠진 support ~가 이어지므로 that이 맞고, 동사 support도 복수명사 parts와 수가 일치한다.","It is the older parts of our brain that support these automatic processes that allow us to move, hear, see",high
2025-수능,2025학년도 수능,2024,11,수능,29,⑤,what,,,what과 that의 구분,"선행사 없음 + 뒤 절 불완전(perceiving/feeling/thinking의 목적어 없음) → 명사절을 이끄는 관계대명사 what, 문장의 주어","앞에 선행사가 없고 뒤에 오는 you are perceiving, feeling, or thinking에는 목적어가 빠져 있다. 따라서 '~하는 것'이라는 뜻의 what이 명사절을 이끌어 동사 is의 주어 역할을 하는 것이 맞다.","So, most of the time, what you are perceiving, feeling, or thinking is based on a very crude and fast analysis",high
2025-3월학평,2025년 3월 학평,2025,3,교육청,29,①,making,,,동명사,전치사 for의 목적어 자리 → 동명사 making (make sense of: ~을 이해하다),전치사 for 뒤에는 명사 역할을 하는 동명사가 와야 하므로 making이 맞다. 동명사 making은 뒤에 sense of the sources of error를 이끈다.,We lack a sufficient vocabulary for making sense of the sources of error.,high
2025-3월학평,2025년 3월 학평,2025,3,교육청,29,②,over which,,,관계부사와 전치사+관계대명사,"선행사 the ignorance + 전치사 over + 관계대명사 which, 뒤에 완전한 수동태 절(the knowledge enterprise is built)",뒤의 절 the knowledge enterprise is built는 수동태로 빠진 성분이 없는 완전한 절이다. 따라서 '무지 위에(over the ignorance) 세워진다'의 '전치사+관계대명사' over which가 맞다. 관계절 뒤의 is가 주어 the ignorance의 정동사다.,the ignorance over which the knowledge enterprise is built is shockingly deep,high
2025-3월학평,2025년 3월 학평,2025,3,교육청,29,③,draw,O,drew,주어와 동사의 수일치,"that절 주어의 핵심어 attempt(단수) → 복수/원형 draw 불가, 과거 시제(turned out)에 맞춰 drew","that절의 주어는 긴 수식어(to delimit ~ in the talking cure)가 붙은 단수 명사 psychoanalysis's attempt이다. 그래서 동사 draw는 수가 맞지 않는다. 주절 시제(it turned out)와 뒤 문장의 showed에 맞춰 drew로 고쳐야 한다(draws도 수일치는 해결). 바로 앞의 복수 명사 humans, kinds of mistakes에 속지 않는 것이 핵심이다.",it turned out that psychoanalysis's attempt to delimit the sources of error ... draw on misguided assumptions about the normalcy conditions for subjects,high
2025-3월학평,2025년 3월 학평,2025,3,교육청,29,④,showed,,,동사 자리와 준동사 자리,"동명사구 주어(Digging deeper into ~ nervous system, 단수 취급)의 정동사 자리 → 과거형 showed","문장의 주어는 동명사구 Digging deeper into ~ a complex nervous system이고, equipped는 knowers를 꾸미는 과거분사라서 이 문장에는 정동사가 따로 없다. 따라서 정동사 자리에 과거형 showed가 오는 것이 맞다.",Digging deeper into the structure of the human mind ... equipped with a complex nervous system showed that our mental life is filled with illusions,high
2025-3월학평,2025년 3월 학평,2025,3,교육청,29,⑤,available,,,보어와 목적격보어,5형식 make + 목적어(our ignorance) + 형용사 목적격보어 available,make가 '목적어를 ~한 상태로 만들다'라는 5형식으로 쓰였다. 목적격보어 자리에는 부사가 아니라 형용사가 와야 하므로 available이 맞다.,"a huge background of shared, objective knowledge that makes our ignorance available to us",high
2025-5월학평,2025년 5월 학평,2025,5,교육청,29,①,to which,,,관계부사와 전치사+관계대명사,"선행사 the extent + 전치사 to(to the extent) + which, 뒤에 완전한 절",to the extent(~한 정도까지)에서 온 전치사 to가 관계대명사 which 앞에 나간 형태다. 뒤에 scientists need to develop ~로 완전한 절이 이어지므로 '전치사+관계대명사'가 맞다.,"anthropologist Simon Cohn has shown the extent to which scientists need to develop personal, even intimate, relationships with their subjects",medium
2025-5월학평,2025년 5월 학평,2025,5,교육청,29,②,do,,,도치,"Only + 부사구(by enlisting ~) 문두 → 조동사 do + 주어(the researchers, 복수) + 동사원형 feel","'Only + 부사구'가 문장 맨 앞에 오면 주어와 동사가 도치된다. 일반동사 feel이 쓰였으므로 조동사 do/does/did가 주어 앞에 오고, 주어 the researchers가 복수이고 시제가 현재이므로 do가 맞다.","Only by enlisting subjects in a social relationship, even if briefly, do the researchers feel they can depend on the subjects",medium
2025-5월학평,2025년 5월 학평,2025,5,교육청,29,③,Strapped,,,분사구문,분사구문의 의미상 주어 subjects가 스캐너에 '묶이는' 대상 → 수동 과거분사 Strapped,주절의 주어 subjects(피험자들)는 스캐너에 묶이는 대상이므로 수동 관계다. 그래서 과거분사로 시작하는 분사구문 Strapped down이 맞다.,"Strapped down uncomfortably in a dark, noisy scanner, subjects must nonetheless pay attention and follow directions",medium
2025-5월학평,2025년 5월 학평,2025,5,교육청,29,④,them,,,대명사의 수와 격,provide A with B의 A 자리 → the subjects(복수)를 가리키는 목적격 them (주어 researchers와 다른 대상이므로 재귀대명사 불가),안심과 공감을 받는 대상은 앞의 the subjects(복수)이고 주어 researchers와 다른 대상이다. 따라서 재귀대명사가 아닌 복수 목적격 them이 맞다.,"Before the subjects ever enter the scanner, researchers provide them with reassurance and sympathy and share personal experiences",medium
2025-5월학평,2025년 5월 학평,2025,5,교육청,29,⑤,coming,O,come,동사 자리와 준동사 자리,so that 부사절의 주어 the signals(복수)에 대한 정동사 자리 → 현재분사 coming이 아니라 come,so that이 이끄는 부사절에서 주어는 only the signals(from ~ scanner의 수식을 받음)인데 정동사가 없다. 따라서 coming을 복수 주어에 맞는 정동사 come(come to light: 드러나다)으로 고쳐야 한다.,so that only the signals from subjects' brains in response to stimuli in the scanner coming to light,medium
2026-6월모평,2026학년도 6월 모평,2025,6,평가원,29,①,are,,,주어와 동사의 수일치,"주어 핵심어 Changes(복수), in the degree of closeness는 수식어 → 복수동사 are",주어의 핵심어는 복수 명사 Changes이고 in the degree of closeness는 이를 꾸미는 전치사구일 뿐이다. 그래서 복수형 동사 are가 맞다.,Changes in the degree of closeness are quite important in managing emotional intensity.,high
2026-6월모평,2026학년도 6월 모평,2025,6,평가원,29,②,real,,,보어와 목적격보어,5형식 make(동명사 making) + 목적어 the fictional environment + 형용사 목적격보어 (more) real → 부사 really 불가,동명사 making의 목적어 the fictional environment의 상태를 설명하는 목적격보어 자리이므로 비교급 형용사 more real이 맞다. 부사는 목적격보어가 될 수 없다.,Closeness and familiarity are important in making the fictional environment more real.,high
2026-6월모평,2026학년도 6월 모평,2025,6,평가원,29,③,perceive,O,to perceive,가주어와 가목적어 it,make + 가목적어 it + 목적격보어 easier + for us(의미상 주어) + 진목적어 to부정사 → perceive를 to perceive로,"it은 make의 가목적어이고 진짜 목적어는 뒤에 와야 하며, 의미상 주어 for us 뒤에 이어지므로 to부정사가 필요하다. 동사원형 perceive를 to perceive로 고쳐야 한다.",Such closeness and familiarity make it easier for us perceive the imaginary story to be a real one.,high
2026-6월모평,2026학년도 6월 모평,2025,6,평가원,29,④,safely,,,형용사와 부사,settings를 뒤에서 꾸미는 분사구의 과거분사 distanced를 수식 → 부사 safely,safely는 settings를 뒤에서 꾸미는 분사구 distanced from our own의 과거분사 distanced를 수식한다. 분사(형용사적 요소)를 꾸미는 자리이므로 형용사 safe가 아니라 부사 safely가 맞다.,letting us watch those fictionalized characters search for solutions to our problems in settings safely distanced from our own.,high
2026-6월모평,2026학년도 6월 모평,2025,6,평가원,29,⑤,removed,,,능동태와 수동태,"주어 it(=violence)이 '제거되는' 대상, 뒤에 목적어 없음 → 수동태 is removed",주어 it(폭력)은 선량한 시민의 삶으로부터 '제거되는' 대상이고 뒤에 목적어 없이 from 전치사구가 이어지므로 수동태 is removed의 과거분사 removed가 맞다.,"it is generally the product of the interaction of police and criminals — again, it is removed from the lives of good citizenry.",high
2025-7월학평,2025년 7월 학평,2025,7,교육청,29,①,available,,,보어와 목적격보어,5형식 make O 형용사(available)의 수동태 have been made available → 보어 자리 형용사 (부사 X),have (been) made available은 'make + 목적어 + 형용사 보어'가 수동태로 바뀐 형태이다. 남은 보어 자리이므로 형용사 available이 맞다.,Vaporware is applications that have either been announced or made available for sale but are not yet fully functional,medium
2025-7월학평,2025년 7월 학평,2025,7,교육청,29,②,do,,,대동사,앞의 일반동사구 run on AI technologies를 받는 대동사 do (선행사 systems 복수·현재),which in fact do not (run on artificial intelligence technologies)에서 일반동사 run을 대신하는 대동사 do가 쓰였다. 관계사 which의 선행사가 복수 systems이고 현재 시제이므로 do가 맞다.,"It is often systems that seem to run on artificial intelligence technologies, but which in fact do not.",medium
2025-7월학평,2025년 7월 학평,2025,7,교육청,29,③,that,,,관계대명사,선행사 the content + 목적어가 빠진 불완전한 절(processing의 목적어 없음) → 목적격 관계대명사 that,"선행사 the content가 있고 뒤 절에서 processing의 목적어가 빠져 있다. 따라서 목적격 관계대명사 that이 맞으며, 선행사를 포함하는 what은 쓸 수 없다.",they are frequently built by people manually adding the content that the artificial intelligence application is supposed to be processing.,medium
2025-7월학평,2025년 7월 학평,2025,7,교육청,29,④,to develop,,,가주어와 가목적어 it,than it is 뒤 가주어 it의 진주어 → to부정사 to develop (앞의 진주어 to pay와 비교 대상),than 뒤 it is의 it은 가주어이고 진주어 자리에는 to부정사가 와야 한다. 앞 절의 진주어 to pay와 비교되는 to develop이 맞다.,it is cheaper to pay people to add this content than it is to develop full artificial intelligence capabilities,medium
2025-7월학평,2025년 7월 학평,2025,7,교육청,29,⑤,require,O,required,동사 자리와 준동사 자리,"the amounts를 뒤에서 꾸미는 준동사(분사) 자리, 금액이 '요구되는' 수동 관계 → 과거분사 required",investing의 목적어 the amounts 뒤에 접속사나 관계사 없이 정동사 require가 올 수 없으므로 명사를 수식하는 분사 자리이다. 금액은 '필요로 되는' 대상이므로 과거분사 required(= which are required)로 고쳐야 한다.,developers can validate ideas with customers before investing the amounts require to build a full application,medium
2026-9월모평,2026학년도 9월 모평,2025,9,평가원,29,①,referred,,,분사구문,분사구문의 의미상 주어 it이 refer의 대상(수동) → 과거분사 referred (refer to A as B의 수동),"분사구문을 이끄는 분사이며, 의미상 주어 it이 '~라고 불리는' 대상이므로 수동의 과거분사 referred가 맞다.","Also referred to as ‘undiluted’, it is usually more expensive than diluted honeys.",high
2026-9월모평,2026학년도 9월 모평,2025,9,평가원,29,②,which,O,where (또는 in which),관계부사와 전치사+관계대명사,"선행사 blended honey 뒤 관계절이 완전한 절 → 관계대명사 which 불가, 관계부사 where / 전치사+관계대명사 in which",관계절에 빠진 필수 성분이 없는 완전한 절이다. 또 선행사 blended honey가 관계절에서 '그 안에서 여러 출처의 꿀이 섞이는'이라는 장소 관련 부가 정보를 나타내므로 which를 where나 in which로 고쳐야 한다.,"Natural honey can also be called ‘blended honey’, which honeys from various sources are blended together not by the bees, but by human processors and",high
2026-9월모평,2026학년도 9월 모평,2025,9,평가원,29,③,strong,,,보어와 목적격보어,5형식 find + 목적어 + 형용사 목적격보어(too strong) → 부사 strongly 불가,find의 목적격보어인 형용사구의 핵심어이므로 형용사 strong이 맞다. 일부 소비자가 짙은 색 꿀을 너무 강하다고 여긴다는 뜻이다.,"Blending is frequently done for taste as well as marketing reasons, especially since some consumers find the darker honeys too strong.",high
2026-9월모평,2026학년도 9월 모평,2025,9,평가원,29,④,feel,,,주어와 동사의 수일치,주격 관계절 동사는 선행사 producers and retailers(복수)에 수일치 → feel,관계절 동사 feel의 주어는 선행사 producers and retailers이고 복수이므로 복수형 feel이 맞다.,"uniform flavour this is an important consideration for producers and retailers, who feel the need to guarantee reliable, unsurprising (typically mild) flavours to their customers.",high
2026-9월모평,2026학년도 9월 모평,2025,9,평가원,29,⑤,its,,,대명사의 수와 격,지칭 대상 Clover(단수) → 단수 소유격 its (their 불가),its가 가리키는 것은 단수 명사 Clover(클로버 꿀)이므로 단수 소유격 its가 맞다.,"Clover is one of the most popular honeys in the U.S., and its mild flavour and taste have become familiar to many Americans.",high
2025-10월학평,2025년 10월 학평,2025,10,교육청,29,①,awakening,,,분사구문,주절 주어(it = the physical act)가 뇌를 '깨우는' 능동 관계 → 현재분사 분사구문 (preparing과 병렬),아침 신체 활동이 뇌를 깨우는 능동 관계라서 현재분사 awakening이 맞다. 뒤의 and preparing과 병렬로 이어지는 분사구문이다.,"it serves as a powerful stimulant for the brain, awakening it from the stillness of sleep and preparing it for the demands of the day",medium
2025-10월학평,2025년 10월 학평,2025,10,교육청,29,②,which,O,by which,관계부사와 전치사+관계대명사,"뒤 절 this occurs가 완전한 절(occur는 자동사) → 관계대명사 which 불가, 전치사+관계대명사 by which 필요","occur는 자동사여서 this occurs는 빠진 성분이 없는 완전한 절이다. 그래서 관계대명사 which만으로는 이을 수 없고, '그것에 의해 이 일이 일어나는 메커니즘'이라는 뜻의 by which(through which/whereby)로 고쳐야 한다.",One of the key mechanisms which this occurs is increased blood flow to the hippocampus,medium
2025-10월학평,2025년 10월 학평,2025,10,교육청,29,③,provided,,,현재분사와 과거분사,수식받는 명사 oxygenation and nutrients가 신체 활동에 의해 '제공되는' 수동 관계 → 과거분사,산소 공급과 영양분은 신체 활동에 의해 제공되는 대상이다. 따라서 과거분사 provided가 뒤에서 수식하는 것이 맞다 (by physical movement가 행위자).,thrives on the increased oxygenation and nutrients provided by physical movement,medium
2025-10월학평,2025년 10월 학평,2025,10,교육청,29,④,itself,,,재귀대명사,reorganize의 의미상 주어(the brain)와 목적어가 동일 → 재귀대명사 itself,스스로를 재조직하는 주체와 대상이 모두 the brain이다. 단수 사물을 가리키는 재귀대명사 itself가 맞다.,stimulates neural plasticity — the brain’s ability to reorganize itself by forming new neural connections,medium
2025-10월학평,2025년 10월 학평,2025,10,교육청,29,⑤,to approach,,,보어와 목적격보어,"allow + 목적어 + to-v (5형식 목적격보어), make·think와 병렬","allow는 목적격보어로 to부정사를 쓰므로 allows individuals to approach가 맞다. 뒤의 make, think는 to에 이어지는 병렬 원형이다.","as it allows individuals to approach problems from new angles, make novel associations, and think more differently",medium
2026-수능,2026학년도 수능,2025,11,수능,29,①,to solve,,,to부정사,형용사 + enough + to-v 구문(~할 만큼 충분히 …한)에서 to부정사,'smart enough (as individuals) to solve ~'는 '~을 해결할 만큼 충분히 똑똑한'이라는 뜻의 형용사+enough+to-v 구문이다. 따라서 to부정사 to solve가 맞다.,But we are not nearly smart enough as individuals to solve the adaptive problems that confronted modern humans,high
2026-수능,2026학년도 수능,2025,11,수능,29,②,being,O,is,동사 자리와 준동사 자리,주어 The package(단수)에 used by ~(과거분사구 수식)가 붙은 문장에 정동사가 없음 → 분사 being을 정동사 is로,"주어의 핵심은 단수 명사 The package이고, used by any group of foragers는 이를 꾸미는 과거분사구다. 문장에 정동사가 따로 없으므로 분사 being을 단수 정동사 is로 고쳐야 한다(be too ~ for A to-v 구문).","The package of tools, foraging techniques, ecological knowledge, and social arrangements used by any group of foragers being far too complex",high
2026-수능,2026학년도 수능,2025,11,수능,29,③,in which,,,관계부사와 전치사+관계대명사,선행사 environments + 뒤에 완전한 절(we live) → 전치사+관계대명사 in which(= where),뒤의 we live는 주어와 자동사만으로 완전한 절이다. 원래 의미가 live in the environments이므로 전치사+관계대명사 in which(= where)가 맞다. which만 쓰려면 뒤 절이 불완전해야 한다.,We are able to learn all the things we need to know in each of the many different environments in which we live,high
2026-수능,2026학년도 수능,2025,11,수능,29,④,motivated,,,능동태와 수동태,주어 we가 동기를 '부여받는' 대상 → 수동 be motivated to-v,우리는 타인에게서 배우도록 동기를 부여받는 쪽이므로 수동의 be motivated to-v(~하도록 동기부여되다)가 맞다. 능동의 motivating을 쓰면 우리가 무언가에 동기를 부여하는 뜻이 된다.,"We are much better at learning from others than other species are, and we are motivated to learn from others",high
2026-수능,2026학년도 수능,2025,11,수능,29,⑤,greatly,,,형용사와 부사,관계절의 동사 exceed를 꾸미는 자리 → 부사 greatly(형용사 great 불가). exceed는 선행사 pools(복수)와 수일치,greatly는 관계사절의 동사 exceed를 꾸며 '크게 넘어서다'라는 뜻을 만드는 부사이므로 맞다. 참고로 that절의 동사 exceed는 선행사 pools(of adaptive information)에 맞춘 복수형이다.,This psychology allows human populations to accumulate pools of adaptive information that greatly exceed the inventive capacities of individuals.,high
2026-3월학평,2026년 3월 학평,2026,3,교육청,29,①,producing,,,분사구문,의미상 주어 the organism과 produce가 능동 관계 → 현재분사 producing으로 시작하는 분사구문,"자손을 낳는 주체는 생물(the organism)이므로 능동 관계이고, 콤마 뒤에서 앞 절의 내용을 덧붙이는 분사구문 자리라 현재분사 producing이 맞다.","it is in the nature of the organism to impose itself on the surroundings, producing many highly similar but variable offspring",high
2026-3월학평,2026년 3월 학평,2026,3,교육청,29,②,imply,,,주어와 동사의 수일치,"that절 주어 핵심어 aspects(복수), of ~ organism은 수식어 → 복수동사 imply",recognized의 목적어인 that절에서 주어의 핵심어는 복수명사 aspects이고 of the nature of the organism은 수식어일 뿐이다. 따라서 복수동사 imply가 맞다.,these fundamental aspects of the nature of the organism imply reproductive overrun,high
2026-3월학평,2026년 3월 학평,2026,3,교육청,29,③,them,,,대명사의 수와 격,가리키는 대상 necessary resources(복수) → 복수 목적격 대명사 them,"use의 목적어로 앞에 나온 복수명사 necessary resources를 가리키므로, 복수 목적격 대명사 them이 맞다.",the capacity for using necessary resources must complement the opportunity to use them,high
2026-3월학평,2026년 3월 학평,2026,3,교육청,29,④,which,O,in which (또는 where),관계부사와 전치사+관계대명사,find oneself in the conditions에서 전치사 in이 필요하고 뒤 절이 완전함 → which가 아니라 in which/where,'they find themselves'는 목적어가 이미 있는 완전한 절이다. 그래서 목적격 관계대명사 which 하나만으로는 연결되지 않는다. 원래 형태가 find themselves in the conditions이므로 '전치사+관계대명사' in which나 관계부사 where를 써야 한다.,"Offspring cannot anticipate the nature of the conditions which they find themselves, much less alter themselves",high
2026-3월학평,2026년 3월 학평,2026,3,교육청,29,⑤,minor,,,형용사와 부사,2형식 동사 are의 주격보어 자리 → 부사 minorly가 아니라 형용사 minor,be동사 are 뒤에서 주어 these adjustments의 상태를 설명하는 주격보어 자리이므로 형용사 minor가 맞다. compared to ~는 그 뒤에 붙은 분사구다.,these adjustments are minor compared to the constraints of inheritance,high
2026-5월학평,2026년 5월 학평,2026,5,교육청,29,①,reported,,,동사 자리와 준동사 자리,관계절(who were working remotely)이 수식하는 주어 young people의 정동사 자리 → 과거형 정동사 reported,that절의 주어 young people을 관계절 who were working remotely가 수식하고 있어 that절에는 정동사가 필요하므로 reported가 맞다. 과거시제라 수 일치 형태는 문제가 되지 않는다.,A study by Eurofound found that young people who were working remotely reported more difficulties in managing their workload than older colleagues.,high
2026-5월학평,2026년 5월 학평,2026,5,교육청,29,②,themselves,,,재귀대명사,embed의 의미상 주어(who = those in older generations)와 목적어가 같은 대상 → 재귀대명사 themselves,조직 문화에 스스로를 뿌리내리는 주체와 대상이 모두 those in older generations(복수)이므로 재귀대명사 themselves가 맞다.,those in older generations who had many years to establish interpersonal connections and embed themselves in the organizational culture,high
2026-5월학평,2026년 5월 학평,2026,5,교육청,29,③,it,,,가주어와 가목적어 it,find + 가목적어 it + 형용사 목적격보어(difficult) + 진목적어 to부정사(to work from home),진짜 목적어인 to work from home이 길어 뒤로 보내고 목적어 자리에 가목적어 it을 둔 구조이므로 it이 맞다.,almost half of students and graduates in the United Kingdom found it difficult to work from home during the pandemic,high
2026-5월학평,2026년 5월 학평,2026,5,교육청,29,④,where,,,관계부사와 전치사+관계대명사,상황·방식을 나타내는 추상적 선행사 a hybrid model + 완전한 절(they can work ...) → 관계부사 where (= in which),"뒤에 주어와 동사, 목적어를 갖춘 완전한 절이 오고, 선행사 a hybrid model이 근무가 이루어지는 틀(상황)을 뜻하므로 관계부사 where가 맞다. 가장 많이 고른 오답이다(선택률 27.5%).",perhaps more of a hybrid model where they can work from home part of the time and work onsite other times,high
2026-5월학평,2026년 5월 학평,2026,5,교육청,29,⑤,chooses,O,to choose,보어와 목적격보어,"5형식 allow + 목적어(them) + to부정사 목적격보어 → to choose (삽입구 if possible, depending on the job role에 주의)",allow는 목적격보어로 to부정사를 취하므로 to choose로 고쳐야 한다. 관계절 that allows에 이미 정동사가 있어 접속사 없이 chooses가 또 올 수도 없다.,"a fluid option that allows them, if possible, depending on the job role, chooses their day-to-day work location",high
2027-6월모평,2027학년도 6월 모평,2026,6,평가원,29,①,frequently,,,형용사와 부사,수동태 동사 was made를 수식하는 자리 → 부사 frequently,was와 made 사이에서 동사구 was made를 꾸미는 빈도부사 자리이므로 부사 frequently가 맞다. 형용사 frequent는 동사를 수식할 수 없다.,"At the beginning of the Middle Ages, clothing tended to be simple and was frequently made of rough wool or animal furs.",high
2027-6월모평,2027학년도 6월 모평,2026,6,평가원,29,②,what,O,that (또는 which),what과 that의 구분,선행사 styles 있음 + 주어 빠진 불완전한 절 → 주격 관계대명사 that/which (what 불가),앞에 선행사 styles가 있고 뒤 절(were more elaborate ...)에 주어가 없으므로 선행사를 수식하는 주격 관계대명사 that이나 which가 와야 한다. what은 선행사를 품고 있어 선행사 뒤에 쓸 수 없다.,"With advances in cloth making, however, fashion began moving toward styles what were more elaborate and form-fitting.",high
2027-6월모평,2027학년도 6월 모평,2026,6,평가원,29,③,to limit,,,to부정사,완전한 수동태 절(laws were enacted) 뒤에서 목적(~하기 위해)을 나타내는 부사적 용법 to부정사,"laws were enacted로 절이 이미 완성되어 있으므로, 뒤에는 '사치품 착용을 제한하기 위해'라는 목적을 나타내는 to부정사 to limit가 알맞다. 정동사가 또 올 자리가 아니다.",The connection between clothing and social status was so pronounced that laws were enacted to limit the wearing of certain luxury items.,high
2027-6월모평,2027학년도 6월 모평,2026,6,평가원,29,④,Allowed,,,분사구문,분사구문의 의미상 주어 luxurious styles and decorations가 '허용되는' 대상 → 수동 과거분사 Allowed,(Being) Allowed로 시작하는 분사구문이다. 주절 주어인 luxurious styles and decorations는 상류층에게만 '허용되는' 대상이므로 수동의 과거분사 Allowed가 맞다.,"Allowed only for higher social classes, luxurious styles and decorations such as feathers, silk, or velvet were used as a means of demonstrating one’s standing",high
2027-6월모평,2027학년도 6월 모평,2026,6,평가원,29,⑤,their,,,대명사의 수와 격,복수 명사 upperclass(upper-class) styles를 가리키며 명사 wearers를 꾸미는 소유격 → their,"their는 앞의 복수 명사 upperclass styles를 가리키고, 바로 뒤 명사 wearers를 꾸미는 소유격(= 그 스타일을 입는 사람들)이므로 수와 격이 모두 맞다.",styles came to be explicitly incorporated into cultural ceremonies so that their wearers’ roles could be identified clearly.,high
2027-9월모평,2027학년도 9월 모평,2026,9,평가원,29,①,to connect,,,to부정사,목적(~하기 위해)을 나타내는 부사적 용법의 to부정사,to connect는 develop this emotional guidance system을 수식해 '타인의 감정과 관점에 연결되기 위해'라는 목적을 나타내는 부사적 용법 to부정사이므로 적절하다.,effective leaders know how to develop this emotional guidance system to connect with others’ feelings and perspectives.,medium
2027-9월모평,2027학년도 9월 모평,2026,9,평가원,29,②,simply,,,형용사와 부사,동명사 being을 수식하는 부사 자리,전치사 than 뒤 동명사구 being kind를 수식하는 자리이므로 형용사 simple이 아닌 부사 simply가 맞다.,"However, empathy in leaders is more than simply being kind to employees, clients, and customers.",medium
2027-9월모평,2027학년도 9월 모평,2026,9,평가원,29,③,enable,O,enables,주어와 동사의 수일치,동명사구 주어(Listening to the needs of employees)는 단수 취급 → 단수 동사,주어는 동명사구 Listening to the needs of employees로 단수 취급하므로 동사는 enables가 되어야 한다. 바로 앞 복수 명사 employees에 끌려 복수 동사를 쓴 근접 명사 함정이다.,Listening to the needs of employees enable leaders to clearly identify what makes them feel heard.,medium
2027-9월모평,2027학년도 9월 모평,2026,9,평가원,29,④,maintaining,,,동명사,전치사 of의 목적어 자리의 동명사(목적어 employee satisfaction을 취함),전치사 of의 목적어 자리이면서 뒤에 목적어 employee satisfaction을 취해야 하므로 동명사 maintaining이 적절하다.,"Utilized in this way, empathy can be considered a crucial part of maintaining employee satisfaction.",medium
2027-9월모평,2027학년도 9월 모평,2026,9,평가원,29,⑤,that,,,관계대명사,선행사 the main situations를 받는 주격 관계대명사 that,선행사 the main situations를 받고 뒤 관계절 could lead them to leave ...에서 주어 역할을 하는 주격 관계대명사이므로 that이 적절하다.,a leader’s failure to empathize with talented workers is one of the main situations that could lead them to leave an organization.,medium
